id,employee_number,data_source,name,email,department_id,role_id,manager_id,grade,years_experience,years_in_company,location,employment_status,performance_rating,last_rating_score,phone,is_active
1,EMP1000,SYNTHETIC_DEMO,Gareth Williams,gareth.williams@steelcore.com,1,3,2,5,4.5,3.0,Jamshedpur Plant,Active,Meets Expectations,3.0,+91-9876543210,True
2,EMP1001,SYNTHETIC_DEMO,Priya Sharma,priya.sharma@steelcore.com,1,7,4,8,12.0,8.0,Jamshedpur Plant,Active,Exceeds Expectations,4.0,+91-9876543211,True
3,EMP1002,SYNTHETIC_DEMO,James Okonkwo,james.okonkwo@steelcore.com,10,71,5,7,9.0,5.0,Plant HQ,Active,Meets Expectations,3.0,+91-9876543212,True
4,EMP1003,SYNTHETIC_DEMO,Ashok Gupta,emp1003@tatasteel.mock,2,11,,5,15.0,11.2,Jamshedpur Plant,Active,Partially Meets Expectations,2.0,+91-9123450004,True
5,EMP1004,SYNTHETIC_DEMO,Alok Bose,emp1004@tatasteel.mock,7,44,,3,9.1,10.1,Plant HQ,Active,Exceeds Expectations,4.0,+91-9123450005,True
6,EMP1005,SYNTHETIC_DEMO,Ramesh Tripathi,emp1005@tatasteel.mock,7,44,,3,16.4,3.9,Plant HQ,Active,Exceptional,5.0,+91-9123450006,True
7,EMP1006,SYNTHETIC_DEMO,Rahul Nair,emp1006@tatasteel.mock,4,24,,4,14.2,4.2,Jamshedpur Plant,Active,Meets Expectations,3.0,+91-9123450007,True
8,EMP1007,SYNTHETIC_DEMO,Bhaskar Bose,emp1007@tatasteel.mock,6,42,,8,20.4,11.8,Jamshedpur Plant,Active,Exceptional,5.0,+91-9123450008,True
9,EMP1008,SYNTHETIC_DEMO,Neha Pandey,emp1008@tatasteel.mock,6,41,,7,18.4,1.6,Jamshedpur Plant,Active,Exceptional,5.0,+91-9123450009,True
10,EMP1009,SYNTHETIC_DEMO,Neha Patel,emp1009@tatasteel.mock,10,70,,8,18.3,11.9,Plant HQ,Active,Exceptional,5.0,+91-9123450010,True
11,EMP1010,SYNTHETIC_DEMO,Yash Tripathi,emp1010@tatasteel.mock,6,38,,4,17.4,8.4,Jamshedpur Plant,Active,Exceeds Expectations,4.0,+91-9123450011,True
12,EMP1011,SYNTHETIC_DEMO,Pooja Kumar,emp1011@tatasteel.mock,7,44,,3,11.8,1.2,Plant HQ,Active,Exceeds Expectations,4.0,+91-9123450012,True
13,EMP1012,SYNTHETIC_DEMO,Aarav Mehta,emp1012@tatasteel.mock,6,37,,3,13.3,3.2,Jamshedpur Plant,Active,Meets Expectations,3.0,+91-9123450013,True
14,EMP1013,SYNTHETIC_DEMO,Vikram Banerjee,emp1013@tatasteel.mock,6,38,,4,17.6,9.2,Jamshedpur Plant,Active,Meets Expectations,3.0,+91-9123450014,True
15,EMP1014,SYNTHETIC_DEMO,Jyoti Rao,emp1014@tatasteel.mock,9,57,,2,5.0,1.5,Plant HQ,Active,Exceeds Expectations,4.0,+91-9123450015,True
16,EMP1015,SYNTHETIC_DEMO,Ananya Mishra,emp1015@tatasteel.mock,3,15,,2,12.7,10.8,Jamshedpur Plant,Active,Exceeds Expectations,4.0,+91-9123450016,True
17,EMP1016,SYNTHETIC_DEMO,Ramesh Kumar,emp1016@tatasteel.mock,8,51,,3,14.5,10.8,Plant HQ,Active,Meets Expectations,3.0,+91-9123450017,True
18,EMP1017,SYNTHETIC_DEMO,Chandan Mukherjee,emp1017@tatasteel.mock,5,34,,7,16.1,5.0,Jamshedpur Plant,Active,Exceeds Expectations,4.0,+91-9123450018,True
19,EMP1018,SYNTHETIC_DEMO,Yash Kumar,emp1018@tatasteel.mock,5,30,,3,14.9,5.2,Jamshedpur Plant,Active,Exceptional,5.0,+91-9123450019,True
20,EMP1019,SYNTHETIC_DEMO,Meera Joshi,emp1019@tatasteel.mock,5,35,,8,22.8,5.3,Jamshedpur Plant,Active,Meets Expectations,3.0,+91-9123450020,True
21,EMP1020,SYNTHETIC_DEMO,Ashok Verma,emp1020@tatasteel.mock,9,61,,6,18.6,11.1,Plant HQ,Active,Partially Meets Expectations,2.0,+91-9123450021,True
22,EMP1021,SYNTHETIC_DEMO,Rahul Nair,emp1021@tatasteel.mock,9,59,,4,17.6,1.4,Plant HQ,Active,Exceeds Expectations,4.0,+91-9123450022,True
23,EMP1022,SYNTHETIC_DEMO,Hemant Nair,emp1022@tatasteel.mock,3,20,,7,23.5,1.3,Jamshedpur Plant,Active,Exceptional,5.0,+91-9123450023,True
24,EMP1023,SYNTHETIC_DEMO,Narendra Ghosh,emp1023@tatasteel.mock,2,8,,2,5.4,1.3,Jamshedpur Plant,Active,Exceeds Expectations,4.0,+91-9123450024,True
25,EMP1024,SYNTHETIC_DEMO,Yash Tripathi,emp1024@tatasteel.mock,3,17,,4,14.2,9.8,Jamshedpur Plant,Active,Exceptional,5.0,+91-9123450025,True
26,EMP1025,SYNTHETIC_DEMO,Ananya Banerjee,emp1025@tatasteel.mock,5,31,,4,5.1,2.6,Jamshedpur Plant,Active,Partially Meets Expectations,2.0,+91-9123450026,True
27,EMP1026,SYNTHETIC_DEMO,Sandeep Singh,emp1026@tatasteel.mock,6,37,,3,9.8,9.3,Jamshedpur Plant,Active,Partially Meets Expectations,2.0,+91-9123450027,True
28,EMP1027,SYNTHETIC_DEMO,Sunita Mehta,emp1027@tatasteel.mock,10,68,,6,21.6,10.3,Plant HQ,Active,Partially Meets Expectations,2.0,+91-9123450028,True
29,EMP1028,SYNTHETIC_DEMO,Sita Dutta,emp1028@tatasteel.mock,3,17,,4,10.5,1.4,Jamshedpur Plant,Active,Exceeds Expectations,4.0,+91-9123450029,True
30,EMP1029,SYNTHETIC_DEMO,Suresh Das,emp1029@tatasteel.mock,4,27,,7,12.2,8.1,Jamshedpur Plant,Active,Meets Expectations,3.0,+91-9123450030,True
31,EMP1030,SYNTHETIC_DEMO,Rajesh Sinha,emp1030@tatasteel.mock,10,64,,2,12.0,1.9,Plant HQ,Active,Meets Expectations,3.0,+91-9123450031,True
32,EMP1031,SYNTHETIC_DEMO,Aarav Sinha,emp1031@tatasteel.mock,6,37,,3,9.6,11.1,Jamshedpur Plant,Active,Partially Meets Expectations,2.0,+91-9123450032,True
33,EMP1032,SYNTHETIC_DEMO,Hari Choudhury,emp1032@tatasteel.mock,10,68,,6,8.2,9.2,Plant HQ,Active,Exceptional,5.0,+91-9123450033,True
34,EMP1033,SYNTHETIC_DEMO,Sandeep Mitra,emp1033@tatasteel.mock,10,66,,4,9.0,9.9,Plant HQ,Active,Partially Meets Expectations,2.0,+91-9123450034,True
35,EMP1034,SYNTHETIC_DEMO,Aditya Ghosh,emp1034@tatasteel.mock,8,55,,7,16.0,9.5,Plant HQ,Active,Meets Expectations,3.0,+91-9123450035,True
36,EMP1035,SYNTHETIC_DEMO,Jay Gupta,emp1035@tatasteel.mock,7,48,,7,16.9,8.7,Plant HQ,Active,Meets Expectations,3.0,+91-9123450036,True
37,EMP1036,SYNTHETIC_DEMO,Rohan Banerjee,emp1036@tatasteel.mock,6,36,,2,14.9,3.4,Jamshedpur Plant,Active,Exceeds Expectations,4.0,+91-9123450037,True
38,EMP1037,SYNTHETIC_DEMO,Sandeep Das,emp1037@tatasteel.mock,7,44,,3,5.4,10.5,Plant HQ,Active,Exceptional,5.0,+91-9123450038,True
39,EMP1038,SYNTHETIC_DEMO,Gopal Joshi,emp1038@tatasteel.mock,8,54,,6,16.1,1.6,Plant HQ,Active,Exceeds Expectations,4.0,+91-9123450039,True
40,EMP1039,SYNTHETIC_DEMO,Pankaj Mukherjee,emp1039@tatasteel.mock,8,52,,4,5.7,8.2,Plant HQ,Active,Exceeds Expectations,4.0,+91-9123450040,True
41,EMP1040,SYNTHETIC_DEMO,Bhaskar Chatterjee,emp1040@tatasteel.mock,1,5,,7,20.0,8.2,Jamshedpur Plant,Active,Meets Expectations,3.0,+91-9123450041,True
42,EMP1041,SYNTHETIC_DEMO,Ganesh Rao,emp1041@tatasteel.mock,5,31,,4,14.5,4.0,Jamshedpur Plant,Active,Exceeds Expectations,4.0,+91-9123450042,True
43,EMP1042,SYNTHETIC_DEMO,Narendra Mukherjee,emp1042@tatasteel.mock,4,25,,5,11.6,6.9,Jamshedpur Plant,Active,Partially Meets Expectations,2.0,+91-9123450043,True
44,EMP1043,SYNTHETIC_DEMO,Nikhil Tripathi,emp1043@tatasteel.mock,8,55,,7,13.6,3.7,Plant HQ,Active,Meets Expectations,3.0,+91-9123450044,True
45,EMP1044,SYNTHETIC_DEMO,Ramesh Sharma,emp1044@tatasteel.mock,10,67,,5,19.3,1.6,Plant HQ,Active,Exceeds Expectations,4.0,+91-9123450045,True
46,EMP1045,SYNTHETIC_DEMO,Vijay Ghosh,emp1045@tatasteel.mock,10,69,,7,23.8,10.2,Plant HQ,Active,Exceeds Expectations,4.0,+91-9123450046,True
47,EMP1046,SYNTHETIC_DEMO,Ganesh Pandey,emp1046@tatasteel.mock,9,60,,5,8.5,9.6,Plant HQ,Active,Partially Meets Expectations,2.0,+91-9123450047,True
48,EMP1047,SYNTHETIC_DEMO,Narendra Sinha,emp1047@tatasteel.mock,6,42,,8,14.1,4.8,Jamshedpur Plant,Active,Exceeds Expectations,4.0,+91-9123450048,True
49,EMP1048,SYNTHETIC_DEMO,Aniket Banerjee,emp1048@tatasteel.mock,6,40,,6,21.3,2.7,Jamshedpur Plant,Active,Meets Expectations,3.0,+91-9123450049,True
50,EMP1049,SYNTHETIC_DEMO,Neha Choudhury,emp1049@tatasteel.mock,9,57,,2,3.5,10.1,Plant HQ,Active,Meets Expectations,3.0,+91-9123450050,True
51,EMP1050,SYNTHETIC_DEMO,Hari Choudhury,emp1050@tatasteel.mock,4,22,,2,8.0,12.0,Jamshedpur Plant,Active,Partially Meets Expectations,2.0,+91-9123450051,True
52,EMP1051,SYNTHETIC_DEMO,Ananya Singh,emp1051@tatasteel.mock,5,32,,5,6.6,8.6,Jamshedpur Plant,Active,Partially Meets Expectations,2.0,+91-9123450052,True
53,EMP1052,SYNTHETIC_DEMO,Dev Mishra,emp1052@tatasteel.mock,9,60,,5,14.7,3.7,Plant HQ,Active,Exceeds Expectations,4.0,+91-9123450053,True
54,EMP1053,SYNTHETIC_DEMO,Manish Mukherjee,emp1053@tatasteel.mock,7,44,,3,16.1,2.6,Plant HQ,Active,Partially Meets Expectations,2.0,+91-9123450054,True
55,EMP1054,SYNTHETIC_DEMO,Vijay Rao,emp1054@tatasteel.mock,10,69,,7,21.1,11.4,Plant HQ,Active,Exceptional,5.0,+91-9123450055,True
56,EMP1055,SYNTHETIC_DEMO,Tanvi Tripathi,emp1055@tatasteel.mock,9,61,,6,10.0,7.9,Plant HQ,Active,Partially Meets Expectations,2.0,+91-9123450056,True
57,EMP1056,SYNTHETIC_DEMO,Jay Reddy,emp1056@tatasteel.mock,4,26,,6,19.0,11.4,Jamshedpur Plant,Active,Exceeds Expectations,4.0,+91-9123450057,True
58,EMP1057,SYNTHETIC_DEMO,Pankaj Reddy,emp1057@tatasteel.mock,9,59,,4,8.3,5.4,Plant HQ,Active,Exceeds Expectations,4.0,+91-9123450058,True
59,EMP1058,SYNTHETIC_DEMO,Rahul Roy,emp1058@tatasteel.mock,7,48,,7,24.0,9.2,Plant HQ,Active,Partially Meets Expectations,2.0,+91-9123450059,True
60,EMP1059,SYNTHETIC_DEMO,Dinesh Banerjee,emp1059@tatasteel.mock,6,41,,7,19.6,3.1,Jamshedpur Plant,Active,Meets Expectations,3.0,+91-9123450060,True
61,EMP1060,SYNTHETIC_DEMO,Arjun Prasad,emp1060@tatasteel.mock,2,9,,3,9.7,9.1,Jamshedpur Plant,Active,Partially Meets Expectations,2.0,+91-9123450061,True
62,EMP1061,SYNTHETIC_DEMO,Karan Patel,emp1061@tatasteel.mock,2,13,,7,20.8,4.3,Jamshedpur Plant,Active,Exceeds Expectations,4.0,+91-9123450062,True
63,EMP1062,SYNTHETIC_DEMO,Hemant Prasad,emp1062@tatasteel.mock,2,11,,5,6.6,9.3,Jamshedpur Plant,Active,Meets Expectations,3.0,+91-9123450063,True
64,EMP1063,SYNTHETIC_DEMO,Aarav Reddy,emp1063@tatasteel.mock,4,26,,6,11.9,5.8,Jamshedpur Plant,Active,Exceeds Expectations,4.0,+91-9123450064,True
65,EMP1064,SYNTHETIC_DEMO,Deepa Dubey,emp1064@tatasteel.mock,4,27,,7,21.0,1.1,Jamshedpur Plant,Active,Exceeds Expectations,4.0,+91-9123450065,True
66,EMP1065,SYNTHETIC_DEMO,Rohan Ghosh,emp1065@tatasteel.mock,6,42,,8,16.6,9.3,Jamshedpur Plant,Active,Meets Expectations,3.0,+91-9123450066,True
67,EMP1066,SYNTHETIC_DEMO,Ganesh Sinha,emp1066@tatasteel.mock,2,10,,4,18.8,6.3,Jamshedpur Plant,Active,Meets Expectations,3.0,+91-9123450067,True
68,EMP1067,SYNTHETIC_DEMO,Yash Dutta,emp1067@tatasteel.mock,4,23,,3,11.8,11.4,Jamshedpur Plant,Active,Meets Expectations,3.0,+91-9123450068,True
69,EMP1068,SYNTHETIC_DEMO,Dev Kumar,emp1068@tatasteel.mock,9,63,,8,23.7,2.6,Plant HQ,Active,Exceptional,5.0,+91-9123450069,True
70,EMP1069,SYNTHETIC_DEMO,Sandeep Mitra,emp1069@tatasteel.mock,4,24,,4,12.4,1.2,Jamshedpur Plant,Active,Meets Expectations,3.0,+91-9123450070,True
71,EMP1070,SYNTHETIC_DEMO,Abhishek Singh,emp1070@tatasteel.mock,10,67,,5,18.6,6.7,Plant HQ,Active,Exceeds Expectations,4.0,+91-9123450071,True
72,EMP1071,SYNTHETIC_DEMO,Hari Roy,emp1071@tatasteel.mock,7,43,,2,4.1,5.6,Plant HQ,Active,Partially Meets Expectations,2.0,+91-9123450072,True
73,EMP1072,SYNTHETIC_DEMO,Ashok Sinha,emp1072@tatasteel.mock,10,69,,7,13.1,3.8,Plant HQ,Active,Partially Meets Expectations,2.0,+91-9123450073,True
74,EMP1073,SYNTHETIC_DEMO,Bhaskar Tripathi,emp1073@tatasteel.mock,4,24,,4,11.4,8.7,Jamshedpur Plant,Active,Meets Expectations,3.0,+91-9123450074,True
75,EMP1074,SYNTHETIC_DEMO,Gopal Gupta,emp1074@tatasteel.mock,1,2,,3,10.3,10.7,Jamshedpur Plant,Active,Partially Meets Expectations,2.0,+91-9123450075,True
76,EMP1075,SYNTHETIC_DEMO,Alok Sinha,emp1075@tatasteel.mock,5,29,,2,12.3,9.0,Jamshedpur Plant,Active,Meets Expectations,3.0,+91-9123450076,True
77,EMP1076,SYNTHETIC_DEMO,Narendra Mishra,emp1076@tatasteel.mock,3,21,,8,13.9,2.7,Jamshedpur Plant,Active,Exceeds Expectations,4.0,+91-9123450077,True
78,EMP1077,SYNTHETIC_DEMO,Neha Dutta,emp1077@tatasteel.mock,6,39,,5,10.4,10.0,Jamshedpur Plant,Active,Meets Expectations,3.0,+91-9123450078,True
79,EMP1078,SYNTHETIC_DEMO,Jyoti Kumar,emp1078@tatasteel.mock,10,66,,4,15.6,8.8,Plant HQ,Active,Meets Expectations,3.0,+91-9123450079,True
80,EMP1079,SYNTHETIC_DEMO,Rahul Mukherjee,emp1079@tatasteel.mock,8,52,,4,18.0,0.7,Plant HQ,Active,Exceptional,5.0,+91-9123450080,True
81,EMP1080,SYNTHETIC_DEMO,Sunita Kumar,emp1080@tatasteel.mock,8,51,,3,12.3,6.0,Plant HQ,Active,Partially Meets Expectations,2.0,+91-9123450081,True
82,EMP1081,SYNTHETIC_DEMO,Dinesh Mishra,emp1081@tatasteel.mock,10,67,,5,13.1,8.2,Plant HQ,Active,Exceptional,5.0,+91-9123450082,True
83,EMP1082,SYNTHETIC_DEMO,Arjun Sharma,emp1082@tatasteel.mock,1,1,,2,0.6,10.0,Jamshedpur Plant,Active,Exceptional,5.0,+91-9123450083,True
84,EMP1083,SYNTHETIC_DEMO,Ashok Sen,emp1083@tatasteel.mock,2,13,,7,14.6,7.8,Jamshedpur Plant,Active,Exceptional,5.0,+91-9123450084,True
85,EMP1084,SYNTHETIC_DEMO,Meera Das,emp1084@tatasteel.mock,5,30,,3,15.8,5.0,Jamshedpur Plant,Active,Exceeds Expectations,4.0,+91-9123450085,True
86,EMP1085,SYNTHETIC_DEMO,Nikhil Rao,emp1085@tatasteel.mock,6,36,,2,7.5,4.7,Jamshedpur Plant,Active,Exceptional,5.0,+91-9123450086,True
87,EMP1086,SYNTHETIC_DEMO,Vijay Bose,emp1086@tatasteel.mock,1,5,,7,24.5,2.7,Jamshedpur Plant,Active,Exceptional,5.0,+91-9123450087,True
88,EMP1087,SYNTHETIC_DEMO,Manish Bose,emp1087@tatasteel.mock,8,52,,4,14.4,1.2,Plant HQ,Active,Partially Meets Expectations,2.0,+91-9123450088,True
89,EMP1088,SYNTHETIC_DEMO,Bhaskar Pandey,emp1088@tatasteel.mock,1,7,,8,21.3,9.8,Jamshedpur Plant,Active,Meets Expectations,3.0,+91-9123450089,True
90,EMP1089,SYNTHETIC_DEMO,Aditya Gupta,emp1089@tatasteel.mock,6,40,,6,11.8,11.7,Jamshedpur Plant,Active,Exceeds Expectations,4.0,+91-9123450090,True
91,EMP1090,SYNTHETIC_DEMO,Dinesh Dutta,emp1090@tatasteel.mock,2,10,,4,11.9,1.8,Jamshedpur Plant,Active,Exceeds Expectations,4.0,+91-9123450091,True
92,EMP1091,SYNTHETIC_DEMO,Kiran Dutta,emp1091@tatasteel.mock,7,49,,8,12.1,5.5,Plant HQ,Active,Exceeds Expectations,4.0,+91-9123450092,True
93,EMP1092,SYNTHETIC_DEMO,Aarav Mehta,emp1092@tatasteel.mock,2,9,,3,16.5,1.3,Jamshedpur Plant,Active,Meets Expectations,3.0,+91-9123450093,True
94,EMP1093,SYNTHETIC_DEMO,Kiran Banerjee,emp1093@tatasteel.mock,7,48,,7,20.5,3.4,Plant HQ,Active,Exceptional,5.0,+91-9123450094,True
95,EMP1094,SYNTHETIC_DEMO,Pankaj Joshi,emp1094@tatasteel.mock,6,36,,2,8.3,9.8,Jamshedpur Plant,Active,Partially Meets Expectations,2.0,+91-9123450095,True
96,EMP1095,SYNTHETIC_DEMO,Manish Mehta,emp1095@tatasteel.mock,10,66,,4,18.2,4.4,Plant HQ,Active,Partially Meets Expectations,2.0,+91-9123450096,True
97,EMP1096,SYNTHETIC_DEMO,Rohan Pandey,emp1096@tatasteel.mock,4,27,,7,23.3,1.6,Jamshedpur Plant,Active,Partially Meets Expectations,2.0,+91-9123450097,True
98,EMP1097,SYNTHETIC_DEMO,Hari Sharma,emp1097@tatasteel.mock,5,34,,7,21.7,2.2,Jamshedpur Plant,Active,Exceeds Expectations,4.0,+91-9123450098,True
99,EMP1098,SYNTHETIC_DEMO,Jagdish Joshi,emp1098@tatasteel.mock,6,42,,8,25.7,0.6,Jamshedpur Plant,Active,Meets Expectations,3.0,+91-9123450099,True
100,EMP1099,SYNTHETIC_DEMO,Arjun Pandey,emp1099@tatasteel.mock,7,49,,8,19.2,10.0,Plant HQ,Active,Partially Meets Expectations,2.0,+91-9123450100,True
101,EMP1100,SYNTHETIC_DEMO,Manish Mehta,emp1100@tatasteel.mock,3,16,,3,13.4,11.9,Jamshedpur Plant,Active,Exceptional,5.0,+91-9123450101,True
102,EMP1101,SYNTHETIC_DEMO,Sita Chatterjee,emp1101@tatasteel.mock,4,25,,5,9.5,1.1,Jamshedpur Plant,Active,Exceptional,5.0,+91-9123450102,True
103,EMP1102,SYNTHETIC_DEMO,Karan Patel,emp1102@tatasteel.mock,7,49,,8,12.7,5.7,Plant HQ,Active,Meets Expectations,3.0,+91-9123450103,True
104,EMP1103,SYNTHETIC_DEMO,Rohan Sinha,emp1103@tatasteel.mock,2,12,,6,17.8,9.7,Jamshedpur Plant,Active,Meets Expectations,3.0,+91-9123450104,True
105,EMP1104,SYNTHETIC_DEMO,Sita Singh,emp1104@tatasteel.mock,10,65,,3,10.4,3.0,Plant HQ,Active,Exceptional,5.0,+91-9123450105,True
106,EMP1105,SYNTHETIC_DEMO,Rajesh Pandey,emp1105@tatasteel.mock,8,55,,7,16.2,7.9,Plant HQ,Active,Exceptional,5.0,+91-9123450106,True
107,EMP1106,SYNTHETIC_DEMO,Meera Pandey,emp1106@tatasteel.mock,4,22,,2,12.5,7.5,Jamshedpur Plant,Active,Exceptional,5.0,+91-9123450107,True
108,EMP1107,SYNTHETIC_DEMO,Hari Patel,emp1107@tatasteel.mock,5,29,,2,11.4,12.0,Jamshedpur Plant,Active,Exceeds Expectations,4.0,+91-9123450108,True
109,EMP1108,SYNTHETIC_DEMO,Meera Reddy,emp1108@tatasteel.mock,4,25,,5,19.5,2.7,Jamshedpur Plant,Active,Partially Meets Expectations,2.0,+91-9123450109,True
110,EMP1109,SYNTHETIC_DEMO,Vikram Sharma,emp1109@tatasteel.mock,9,62,,7,16.4,11.4,Plant HQ,Active,Meets Expectations,3.0,+91-9123450110,True
111,EMP1110,SYNTHETIC_DEMO,Jay Gupta,emp1110@tatasteel.mock,10,68,,6,12.9,10.8,Plant HQ,Active,Exceptional,5.0,+91-9123450111,True
112,EMP1111,SYNTHETIC_DEMO,Nikhil Pandey,emp1111@tatasteel.mock,7,48,,7,16.2,3.6,Plant HQ,Active,Meets Expectations,3.0,+91-9123450112,True
113,EMP1112,SYNTHETIC_DEMO,Neha Sinha,emp1112@tatasteel.mock,9,61,,6,20.8,2.3,Plant HQ,Active,Partially Meets Expectations,2.0,+91-9123450113,True
114,EMP1113,SYNTHETIC_DEMO,Sita Roy,emp1113@tatasteel.mock,7,46,,5,18.2,4.5,Plant HQ,Active,Exceptional,5.0,+91-9123450114,True
115,EMP1114,SYNTHETIC_DEMO,Yash Yadav,emp1114@tatasteel.mock,10,68,,6,12.9,3.4,Plant HQ,Active,Exceptional,5.0,+91-9123450115,True
116,EMP1115,SYNTHETIC_DEMO,Dinesh Sinha,emp1115@tatasteel.mock,6,38,,4,15.2,7.2,Jamshedpur Plant,Active,Partially Meets Expectations,2.0,+91-9123450116,True
117,EMP1116,SYNTHETIC_DEMO,Rahul Mitra,emp1116@tatasteel.mock,8,56,,8,24.5,1.3,Plant HQ,Active,Exceptional,5.0,+91-9123450117,True
118,EMP1117,SYNTHETIC_DEMO,Narendra Roy,emp1117@tatasteel.mock,8,56,,8,22.5,9.1,Plant HQ,Active,Meets Expectations,3.0,+91-9123450118,True
119,EMP1118,SYNTHETIC_DEMO,Gopal Reddy,emp1118@tatasteel.mock,1,4,,6,9.9,4.9,Jamshedpur Plant,Active,Exceptional,5.0,+91-9123450119,True
120,EMP1119,SYNTHETIC_DEMO,Aditya Roy,emp1119@tatasteel.mock,5,35,,8,24.2,10.4,Jamshedpur Plant,Active,Partially Meets Expectations,2.0,+91-9123450120,True
121,EMP1120,SYNTHETIC_DEMO,Ananya Singh,emp1120@tatasteel.mock,5,34,,7,11.1,8.0,Jamshedpur Plant,Active,Partially Meets Expectations,2.0,+91-9123450121,True
122,EMP1121,SYNTHETIC_DEMO,Vijay Sen,emp1121@tatasteel.mock,6,41,,7,12.3,6.9,Jamshedpur Plant,Active,Partially Meets Expectations,2.0,+91-9123450122,True
123,EMP1122,SYNTHETIC_DEMO,Sunita Das,emp1122@tatasteel.mock,5,31,,4,13.9,2.4,Jamshedpur Plant,Active,Partially Meets Expectations,2.0,+91-9123450123,True
124,EMP1123,SYNTHETIC_DEMO,Dinesh Sen,emp1123@tatasteel.mock,9,60,,5,12.7,9.5,Plant HQ,Active,Meets Expectations,3.0,+91-9123450124,True
125,EMP1124,SYNTHETIC_DEMO,Sanjay Patel,emp1124@tatasteel.mock,1,3,,5,3.1,11.7,Jamshedpur Plant,Active,Exceptional,5.0,+91-9123450125,True
126,EMP1125,SYNTHETIC_DEMO,Kiran Das,emp1125@tatasteel.mock,9,59,,4,16.1,2.2,Plant HQ,Active,Partially Meets Expectations,2.0,+91-9123450126,True
127,EMP1126,SYNTHETIC_DEMO,Sanjay Tripathi,emp1126@tatasteel.mock,2,9,,3,16.2,2.5,Jamshedpur Plant,Active,Meets Expectations,3.0,+91-9123450127,True
128,EMP1127,SYNTHETIC_DEMO,Hemant Kumar,emp1127@tatasteel.mock,8,53,,5,11.0,6.3,Plant HQ,Active,Meets Expectations,3.0,+91-9123450128,True
129,EMP1128,SYNTHETIC_DEMO,Ananya Ghosh,emp1128@tatasteel.mock,5,32,,5,11.7,3.2,Jamshedpur Plant,Active,Partially Meets Expectations,2.0,+91-9123450129,True
130,EMP1129,SYNTHETIC_DEMO,Chandan Tripathi,emp1129@tatasteel.mock,6,36,,2,3.9,4.3,Jamshedpur Plant,Active,Exceeds Expectations,4.0,+91-9123450130,True
131,EMP1130,SYNTHETIC_DEMO,Narendra Sen,emp1130@tatasteel.mock,4,25,,5,20.1,4.8,Jamshedpur Plant,Active,Exceeds Expectations,4.0,+91-9123450131,True
132,EMP1131,SYNTHETIC_DEMO,Neha Dubey,emp1131@tatasteel.mock,6,41,,7,12.9,1.2,Jamshedpur Plant,Active,Exceptional,5.0,+91-9123450132,True
133,EMP1132,SYNTHETIC_DEMO,Narendra Pandey,emp1132@tatasteel.mock,9,59,,4,8.1,4.5,Plant HQ,Active,Partially Meets Expectations,2.0,+91-9123450133,True
134,EMP1133,SYNTHETIC_DEMO,Ganesh Sen,emp1133@tatasteel.mock,4,26,,6,14.4,7.4,Jamshedpur Plant,Active,Partially Meets Expectations,2.0,+91-9123450134,True
135,EMP1134,SYNTHETIC_DEMO,Kailash Pandey,emp1134@tatasteel.mock,8,54,,6,10.9,5.1,Plant HQ,Active,Exceeds Expectations,4.0,+91-9123450135,True
136,EMP1135,SYNTHETIC_DEMO,Rahul Roy,emp1135@tatasteel.mock,8,54,,6,21.5,4.3,Plant HQ,Active,Meets Expectations,3.0,+91-9123450136,True
137,EMP1136,SYNTHETIC_DEMO,Sandeep Mehta,emp1136@tatasteel.mock,7,48,,7,22.4,1.2,Plant HQ,Active,Exceeds Expectations,4.0,+91-9123450137,True
138,EMP1137,SYNTHETIC_DEMO,Ganesh Joshi,emp1137@tatasteel.mock,5,35,,8,14.0,4.2,Jamshedpur Plant,Active,Exceptional,5.0,+91-9123450138,True
139,EMP1138,SYNTHETIC_DEMO,Pranav Choudhury,emp1138@tatasteel.mock,3,19,,6,22.0,2.0,Jamshedpur Plant,Active,Meets Expectations,3.0,+91-9123450139,True
140,EMP1139,SYNTHETIC_DEMO,Abhishek Verma,emp1139@tatasteel.mock,1,4,,6,13.4,5.0,Jamshedpur Plant,Active,Exceptional,5.0,+91-9123450140,True
141,EMP1140,SYNTHETIC_DEMO,Amit Gupta,emp1140@tatasteel.mock,7,46,,5,9.9,9.5,Plant HQ,Active,Exceptional,5.0,+91-9123450141,True
142,EMP1141,SYNTHETIC_DEMO,Kiran Mitra,emp1141@tatasteel.mock,10,68,,6,22.9,11.8,Plant HQ,Active,Exceeds Expectations,4.0,+91-9123450142,True
143,EMP1142,SYNTHETIC_DEMO,Sanjay Sen,emp1142@tatasteel.mock,6,37,,3,15.6,3.2,Jamshedpur Plant,Active,Meets Expectations,3.0,+91-9123450143,True
144,EMP1143,SYNTHETIC_DEMO,Alok Mitra,emp1143@tatasteel.mock,4,23,,3,15.0,8.8,Jamshedpur Plant,Active,Exceeds Expectations,4.0,+91-9123450144,True
145,EMP1144,SYNTHETIC_DEMO,Dev Nair,emp1144@tatasteel.mock,9,63,,8,24.6,1.9,Plant HQ,Active,Exceeds Expectations,4.0,+91-9123450145,True
146,EMP1145,SYNTHETIC_DEMO,Dinesh Dutta,emp1145@tatasteel.mock,7,46,,5,19.2,6.3,Plant HQ,Active,Meets Expectations,3.0,+91-9123450146,True
147,EMP1146,SYNTHETIC_DEMO,Hemant Sen,emp1146@tatasteel.mock,7,44,,3,6.4,6.2,Plant HQ,Active,Exceptional,5.0,+91-9123450147,True
148,EMP1147,SYNTHETIC_DEMO,Ganesh Nair,emp1147@tatasteel.mock,2,8,,2,11.9,9.3,Jamshedpur Plant,Active,Exceptional,5.0,+91-9123450148,True
149,EMP1148,SYNTHETIC_DEMO,Chandan Sen,emp1148@tatasteel.mock,5,30,,3,3.6,0.6,Jamshedpur Plant,Active,Meets Expectations,3.0,+91-9123450149,True
150,EMP1149,SYNTHETIC_DEMO,Aditya Gupta,emp1149@tatasteel.mock,10,68,,6,17.9,7.2,Plant HQ,Active,Exceptional,5.0,+91-9123450150,True
151,EMP1150,SYNTHETIC_DEMO,Sita Yadav,emp1150@tatasteel.mock,7,44,,3,16.3,11.6,Plant HQ,Active,Exceptional,5.0,+91-9123450151,True
152,EMP1151,SYNTHETIC_DEMO,Narendra Mitra,emp1151@tatasteel.mock,7,47,,6,21.1,3.6,Plant HQ,Active,Partially Meets Expectations,2.0,+91-9123450152,True
153,EMP1152,SYNTHETIC_DEMO,Jay Ghosh,emp1152@tatasteel.mock,7,45,,4,12.4,7.6,Plant HQ,Active,Partially Meets Expectations,2.0,+91-9123450153,True
154,EMP1153,SYNTHETIC_DEMO,Narendra Nair,emp1153@tatasteel.mock,2,13,,7,20.3,4.3,Jamshedpur Plant,Active,Partially Meets Expectations,2.0,+91-9123450154,True
155,EMP1154,SYNTHETIC_DEMO,Deepa Das,emp1154@tatasteel.mock,1,4,,6,11.5,11.5,Jamshedpur Plant,Active,Meets Expectations,3.0,+91-9123450155,True
156,EMP1155,SYNTHETIC_DEMO,Sandeep Bose,emp1155@tatasteel.mock,3,16,,3,16.9,10.4,Jamshedpur Plant,Active,Exceeds Expectations,4.0,+91-9123450156,True
157,EMP1156,SYNTHETIC_DEMO,Ganesh Prasad,emp1156@tatasteel.mock,3,21,,8,20.3,7.8,Jamshedpur Plant,Active,Exceeds Expectations,4.0,+91-9123450157,True
158,EMP1157,SYNTHETIC_DEMO,Arjun Sharma,emp1157@tatasteel.mock,2,12,,6,18.1,4.9,Jamshedpur Plant,Active,Meets Expectations,3.0,+91-9123450158,True
159,EMP1158,SYNTHETIC_DEMO,Kailash Kumar,emp1158@tatasteel.mock,2,14,,8,24.8,5.3,Jamshedpur Plant,Active,Exceeds Expectations,4.0,+91-9123450159,True
160,EMP1159,SYNTHETIC_DEMO,Jay Kumar,emp1159@tatasteel.mock,1,6,,7,22.4,4.7,Jamshedpur Plant,Active,Exceptional,5.0,+91-9123450160,True
161,EMP1160,SYNTHETIC_DEMO,Dev Kumar,emp1160@tatasteel.mock,3,20,,7,13.7,10.0,Jamshedpur Plant,Active,Partially Meets Expectations,2.0,+91-9123450161,True
162,EMP1161,SYNTHETIC_DEMO,Kiran Singh,emp1161@tatasteel.mock,3,16,,3,10.6,3.4,Jamshedpur Plant,Active,Meets Expectations,3.0,+91-9123450162,True
163,EMP1162,SYNTHETIC_DEMO,Narendra Dutta,emp1162@tatasteel.mock,1,3,,5,8.2,0.8,Jamshedpur Plant,Active,Exceptional,5.0,+91-9123450163,True
164,EMP1163,SYNTHETIC_DEMO,Amit Patel,emp1163@tatasteel.mock,6,41,,7,19.0,3.2,Jamshedpur Plant,Active,Exceeds Expectations,4.0,+91-9123450164,True
165,EMP1164,SYNTHETIC_DEMO,Sita Verma,emp1164@tatasteel.mock,5,31,,4,8.5,9.9,Jamshedpur Plant,Active,Meets Expectations,3.0,+91-9123450165,True
166,EMP1165,SYNTHETIC_DEMO,Rohan Sharma,emp1165@tatasteel.mock,6,40,,6,14.4,12.0,Jamshedpur Plant,Active,Partially Meets Expectations,2.0,+91-9123450166,True
167,EMP1166,SYNTHETIC_DEMO,Ramesh Kumar,emp1166@tatasteel.mock,10,65,,3,10.2,1.3,Plant HQ,Active,Exceeds Expectations,4.0,+91-9123450167,True
168,EMP1167,SYNTHETIC_DEMO,Ritu Yadav,emp1167@tatasteel.mock,4,22,,2,13.8,9.3,Jamshedpur Plant,Active,Partially Meets Expectations,2.0,+91-9123450168,True
169,EMP1168,SYNTHETIC_DEMO,Jagdish Kumar,emp1168@tatasteel.mock,7,48,,7,14.1,11.6,Plant HQ,Active,Exceptional,5.0,+91-9123450169,True
170,EMP1169,SYNTHETIC_DEMO,Sandeep Tripathi,emp1169@tatasteel.mock,5,30,,3,7.5,8.8,Jamshedpur Plant,Active,Meets Expectations,3.0,+91-9123450170,True
171,EMP1170,SYNTHETIC_DEMO,Sunita Bose,emp1170@tatasteel.mock,7,46,,5,6.9,9.5,Plant HQ,Active,Meets Expectations,3.0,+91-9123450171,True
172,EMP1171,SYNTHETIC_DEMO,Jay Gupta,emp1171@tatasteel.mock,7,45,,4,10.6,7.6,Plant HQ,Active,Exceptional,5.0,+91-9123450172,True
173,EMP1172,SYNTHETIC_DEMO,Madhav Das,emp1172@tatasteel.mock,8,52,,4,13.0,3.1,Plant HQ,Active,Partially Meets Expectations,2.0,+91-9123450173,True
174,EMP1173,SYNTHETIC_DEMO,Bhaskar Bose,emp1173@tatasteel.mock,1,6,,7,22.5,9.0,Jamshedpur Plant,Active,Partially Meets Expectations,2.0,+91-9123450174,True
175,EMP1174,SYNTHETIC_DEMO,Yash Gupta,emp1174@tatasteel.mock,10,66,,4,5.1,10.7,Plant HQ,Active,Exceptional,5.0,+91-9123450175,True
176,EMP1175,SYNTHETIC_DEMO,Gopal Yadav,emp1175@tatasteel.mock,3,19,,6,18.9,5.0,Jamshedpur Plant,Active,Partially Meets Expectations,2.0,+91-9123450176,True
177,EMP1176,SYNTHETIC_DEMO,Aniket Patel,emp1176@tatasteel.mock,2,10,,4,13.1,9.6,Jamshedpur Plant,Active,Meets Expectations,3.0,+91-9123450177,True
178,EMP1177,SYNTHETIC_DEMO,Ramesh Dutta,emp1177@tatasteel.mock,6,42,,8,23.2,10.4,Jamshedpur Plant,Active,Exceeds Expectations,4.0,+91-9123450178,True
179,EMP1178,SYNTHETIC_DEMO,Pranav Roy,emp1178@tatasteel.mock,7,48,,7,11.7,4.3,Plant HQ,Active,Exceptional,5.0,+91-9123450179,True
180,EMP1179,SYNTHETIC_DEMO,Kailash Mukherjee,emp1179@tatasteel.mock,1,7,,8,20.0,6.7,Jamshedpur Plant,Active,Exceeds Expectations,4.0,+91-9123450180,True
181,EMP1180,SYNTHETIC_DEMO,Meera Ghosh,emp1180@tatasteel.mock,10,68,,6,13.5,3.8,Plant HQ,Active,Partially Meets Expectations,2.0,+91-9123450181,True
182,EMP1181,SYNTHETIC_DEMO,Arjun Sen,emp1181@tatasteel.mock,5,33,,6,18.5,5.6,Jamshedpur Plant,Active,Meets Expectations,3.0,+91-9123450182,True
183,EMP1182,SYNTHETIC_DEMO,Pankaj Gupta,emp1182@tatasteel.mock,7,47,,6,21.3,2.6,Plant HQ,Active,Partially Meets Expectations,2.0,+91-9123450183,True
184,EMP1183,SYNTHETIC_DEMO,Amit Chatterjee,emp1183@tatasteel.mock,7,44,,3,4.0,8.9,Plant HQ,Active,Exceeds Expectations,4.0,+91-9123450184,True
185,EMP1184,SYNTHETIC_DEMO,Suresh Patel,emp1184@tatasteel.mock,10,70,,8,19.2,11.0,Plant HQ,Active,Exceeds Expectations,4.0,+91-9123450185,True
186,EMP1185,SYNTHETIC_DEMO,Aniket Banerjee,emp1185@tatasteel.mock,5,34,,7,20.4,11.8,Jamshedpur Plant,Active,Exceeds Expectations,4.0,+91-9123450186,True
187,EMP1186,SYNTHETIC_DEMO,Jagdish Joshi,emp1186@tatasteel.mock,5,33,,6,15.0,2.8,Jamshedpur Plant,Active,Exceptional,5.0,+91-9123450187,True
188,EMP1187,SYNTHETIC_DEMO,Amit Nair,emp1187@tatasteel.mock,1,7,,8,12.0,10.4,Jamshedpur Plant,Active,Meets Expectations,3.0,+91-9123450188,True
189,EMP1188,SYNTHETIC_DEMO,Rahul Das,emp1188@tatasteel.mock,2,13,,7,20.7,10.7,Jamshedpur Plant,Active,Meets Expectations,3.0,+91-9123450189,True
190,EMP1189,SYNTHETIC_DEMO,Deepa Kumar,emp1189@tatasteel.mock,6,41,,7,10.1,6.9,Jamshedpur Plant,Active,Partially Meets Expectations,2.0,+91-9123450190,True
191,EMP1190,SYNTHETIC_DEMO,Sanjay Prasad,emp1190@tatasteel.mock,3,16,,3,16.1,4.2,Jamshedpur Plant,Active,Exceeds Expectations,4.0,+91-9123450191,True
192,EMP1191,SYNTHETIC_DEMO,Narendra Reddy,emp1191@tatasteel.mock,6,36,,2,2.4,5.8,Jamshedpur Plant,Active,Exceeds Expectations,4.0,+91-9123450192,True
193,EMP1192,SYNTHETIC_DEMO,Sanjay Mukherjee,emp1192@tatasteel.mock,3,17,,4,11.0,9.1,Jamshedpur Plant,Active,Exceeds Expectations,4.0,+91-9123450193,True
194,EMP1193,SYNTHETIC_DEMO,Sita Singh,emp1193@tatasteel.mock,10,68,,6,15.3,1.2,Plant HQ,Active,Meets Expectations,3.0,+91-9123450194,True
195,EMP1194,SYNTHETIC_DEMO,Rahul Dutta,emp1194@tatasteel.mock,4,26,,6,17.1,7.5,Jamshedpur Plant,Active,Meets Expectations,3.0,+91-9123450195,True
196,EMP1195,SYNTHETIC_DEMO,Deepa Choudhury,emp1195@tatasteel.mock,3,21,,8,25.6,9.1,Jamshedpur Plant,Active,Exceeds Expectations,4.0,+91-9123450196,True
197,EMP1196,SYNTHETIC_DEMO,Kailash Bose,emp1196@tatasteel.mock,5,29,,2,12.4,7.8,Jamshedpur Plant,Active,Exceeds Expectations,4.0,+91-9123450197,True
198,EMP1197,SYNTHETIC_DEMO,Pranav Roy,emp1197@tatasteel.mock,9,57,,2,7.0,7.4,Plant HQ,Active,Partially Meets Expectations,2.0,+91-9123450198,True
199,EMP1198,SYNTHETIC_DEMO,Rajesh Banerjee,emp1198@tatasteel.mock,9,63,,8,25.4,10.9,Plant HQ,Active,Partially Meets Expectations,2.0,+91-9123450199,True
200,EMP1199,SYNTHETIC_DEMO,Pankaj Gupta,emp1199@tatasteel.mock,6,42,,8,23.3,1.3,Jamshedpur Plant,Active,Exceptional,5.0,+91-9123450200,True
201,EMP1200,SYNTHETIC_DEMO,Deepa Tripathi,emp1200@tatasteel.mock,5,32,,5,16.9,9.7,Jamshedpur Plant,Active,Meets Expectations,3.0,+91-9123450201,True
202,EMP1201,SYNTHETIC_DEMO,Gopal Sinha,emp1201@tatasteel.mock,7,45,,4,11.5,0.6,Plant HQ,Active,Exceeds Expectations,4.0,+91-9123450202,True
203,EMP1202,SYNTHETIC_DEMO,Pranav Das,emp1202@tatasteel.mock,9,57,,2,12.9,9.2,Plant HQ,Active,Partially Meets Expectations,2.0,+91-9123450203,True
204,EMP1203,SYNTHETIC_DEMO,Bhaskar Reddy,emp1203@tatasteel.mock,9,62,,7,12.1,8.2,Plant HQ,Active,Exceptional,5.0,+91-9123450204,True
205,EMP1204,SYNTHETIC_DEMO,Narendra Roy,emp1204@tatasteel.mock,10,71,,7,8.6,6.7,Plant HQ,Active,Exceptional,5.0,+91-9123450205,True
206,EMP1205,SYNTHETIC_DEMO,Rahul Choudhury,emp1205@tatasteel.mock,2,8,,2,5.2,9.7,Jamshedpur Plant,Active,Partially Meets Expectations,2.0,+91-9123450206,True
207,EMP1206,SYNTHETIC_DEMO,Kiran Prasad,emp1206@tatasteel.mock,2,14,,8,22.7,3.6,Jamshedpur Plant,Active,Partially Meets Expectations,2.0,+91-9123450207,True
208,EMP1207,SYNTHETIC_DEMO,Pranav Singh,emp1207@tatasteel.mock,3,16,,3,4.0,10.0,Jamshedpur Plant,Active,Meets Expectations,3.0,+91-9123450208,True
209,EMP1208,SYNTHETIC_DEMO,Vikram Dubey,emp1208@tatasteel.mock,6,37,,3,10.5,1.4,Jamshedpur Plant,Active,Partially Meets Expectations,2.0,+91-9123450209,True
210,EMP1209,SYNTHETIC_DEMO,Dev Sharma,emp1209@tatasteel.mock,6,39,,5,9.9,6.5,Jamshedpur Plant,Active,Exceptional,5.0,+91-9123450210,True
211,EMP1210,SYNTHETIC_DEMO,Pooja Verma,emp1210@tatasteel.mock,7,44,,3,6.8,8.1,Plant HQ,Active,Exceptional,5.0,+91-9123450211,True
212,EMP1211,SYNTHETIC_DEMO,Sanjay Choudhury,emp1211@tatasteel.mock,2,9,,3,4.2,6.4,Jamshedpur Plant,Active,Exceptional,5.0,+91-9123450212,True
213,EMP1212,SYNTHETIC_DEMO,Jagdish Mitra,emp1212@tatasteel.mock,3,20,,7,14.7,7.1,Jamshedpur Plant,Active,Partially Meets Expectations,2.0,+91-9123450213,True
214,EMP1213,SYNTHETIC_DEMO,Abhishek Sharma,emp1213@tatasteel.mock,3,20,,7,18.2,4.1,Jamshedpur Plant,Active,Exceeds Expectations,4.0,+91-9123450214,True
215,EMP1214,SYNTHETIC_DEMO,Deepa Ghosh,emp1214@tatasteel.mock,2,13,,7,15.2,2.4,Jamshedpur Plant,Active,Partially Meets Expectations,2.0,+91-9123450215,True
216,EMP1215,SYNTHETIC_DEMO,Aditya Joshi,emp1215@tatasteel.mock,6,42,,8,25.4,6.6,Jamshedpur Plant,Active,Exceptional,5.0,+91-9123450216,True
217,EMP1216,SYNTHETIC_DEMO,Sita Mishra,emp1216@tatasteel.mock,5,35,,8,25.7,9.7,Jamshedpur Plant,Active,Partially Meets Expectations,2.0,+91-9123450217,True
218,EMP1217,SYNTHETIC_DEMO,Sita Gupta,emp1217@tatasteel.mock,9,62,,7,19.8,1.6,Plant HQ,Active,Partially Meets Expectations,2.0,+91-9123450218,True
219,EMP1218,SYNTHETIC_DEMO,Ramesh Reddy,emp1218@tatasteel.mock,10,67,,5,20.9,10.4,Plant HQ,Active,Partially Meets Expectations,2.0,+91-9123450219,True
220,EMP1219,SYNTHETIC_DEMO,Chandan Prasad,emp1219@tatasteel.mock,5,35,,8,24.0,8.0,Jamshedpur Plant,Active,Exceeds Expectations,4.0,+91-9123450220,True
221,EMP1220,SYNTHETIC_DEMO,Suresh Rao,emp1220@tatasteel.mock,7,44,,3,9.2,4.5,Plant HQ,Active,Partially Meets Expectations,2.0,+91-9123450221,True
222,EMP1221,SYNTHETIC_DEMO,Hemant Mehta,emp1221@tatasteel.mock,2,11,,5,6.4,10.1,Jamshedpur Plant,Active,Exceptional,5.0,+91-9123450222,True
223,EMP1222,SYNTHETIC_DEMO,Jay Verma,emp1222@tatasteel.mock,5,33,,6,14.4,2.0,Jamshedpur Plant,Active,Exceptional,5.0,+91-9123450223,True
224,EMP1223,SYNTHETIC_DEMO,Chandan Sinha,emp1223@tatasteel.mock,10,71,,7,15.0,6.5,Plant HQ,Active,Exceeds Expectations,4.0,+91-9123450224,True
225,EMP1224,SYNTHETIC_DEMO,Ananya Choudhury,emp1224@tatasteel.mock,3,20,,7,12.6,8.2,Jamshedpur Plant,Active,Exceeds Expectations,4.0,+91-9123450225,True
226,EMP1225,SYNTHETIC_DEMO,Gopal Das,emp1225@tatasteel.mock,10,71,,7,17.8,2.0,Plant HQ,Active,Exceptional,5.0,+91-9123450226,True
227,EMP1226,SYNTHETIC_DEMO,Madhav Mitra,emp1226@tatasteel.mock,10,66,,4,8.0,6.1,Plant HQ,Active,Meets Expectations,3.0,+91-9123450227,True
228,EMP1227,SYNTHETIC_DEMO,Aarav Reddy,emp1227@tatasteel.mock,5,35,,8,22.6,1.1,Jamshedpur Plant,Active,Meets Expectations,3.0,+91-9123450228,True
229,EMP1228,SYNTHETIC_DEMO,Nikhil Joshi,emp1228@tatasteel.mock,9,57,,2,3.2,3.3,Plant HQ,Active,Exceptional,5.0,+91-9123450229,True
230,EMP1229,SYNTHETIC_DEMO,Tanvi Sinha,emp1229@tatasteel.mock,5,31,,4,5.1,2.9,Jamshedpur Plant,Active,Partially Meets Expectations,2.0,+91-9123450230,True
231,EMP1230,SYNTHETIC_DEMO,Gopal Kumar,emp1230@tatasteel.mock,7,48,,7,18.9,4.2,Plant HQ,Active,Meets Expectations,3.0,+91-9123450231,True
232,EMP1231,SYNTHETIC_DEMO,Sandeep Chatterjee,emp1231@tatasteel.mock,4,27,,7,10.8,4.5,Jamshedpur Plant,Active,Partially Meets Expectations,2.0,+91-9123450232,True
233,EMP1232,SYNTHETIC_DEMO,Rajesh Kumar,emp1232@tatasteel.mock,5,32,,5,18.5,11.4,Jamshedpur Plant,Active,Partially Meets Expectations,2.0,+91-9123450233,True
234,EMP1233,SYNTHETIC_DEMO,Jagdish Sen,emp1233@tatasteel.mock,6,42,,8,18.7,10.1,Jamshedpur Plant,Active,Exceeds Expectations,4.0,+91-9123450234,True
235,EMP1234,SYNTHETIC_DEMO,Gopal Mehta,emp1234@tatasteel.mock,7,44,,3,4.7,8.3,Plant HQ,Active,Exceptional,5.0,+91-9123450235,True
236,EMP1235,SYNTHETIC_DEMO,Sita Verma,emp1235@tatasteel.mock,9,61,,6,13.8,11.0,Plant HQ,Active,Exceeds Expectations,4.0,+91-9123450236,True
237,EMP1236,SYNTHETIC_DEMO,Manish Mukherjee,emp1236@tatasteel.mock,10,65,,3,9.2,4.8,Plant HQ,Active,Partially Meets Expectations,2.0,+91-9123450237,True
238,EMP1237,SYNTHETIC_DEMO,Neha Patel,emp1237@tatasteel.mock,4,28,,8,25.2,3.8,Jamshedpur Plant,Active,Meets Expectations,3.0,+91-9123450238,True
239,EMP1238,SYNTHETIC_DEMO,Abhishek Sinha,emp1238@tatasteel.mock,7,44,,3,3.0,8.5,Plant HQ,Active,Exceeds Expectations,4.0,+91-9123450239,True
240,EMP1239,SYNTHETIC_DEMO,Jagdish Kumar,emp1239@tatasteel.mock,2,14,,8,16.7,9.4,Jamshedpur Plant,Active,Exceptional,5.0,+91-9123450240,True
241,EMP1240,SYNTHETIC_DEMO,Aniket Dutta,emp1240@tatasteel.mock,9,63,,8,25.4,3.6,Plant HQ,Active,Exceeds Expectations,4.0,+91-9123450241,True
242,EMP1241,SYNTHETIC_DEMO,Rahul Sinha,emp1241@tatasteel.mock,7,44,,3,5.2,5.7,Plant HQ,Active,Partially Meets Expectations,2.0,+91-9123450242,True
243,EMP1242,SYNTHETIC_DEMO,Hari Patel,emp1242@tatasteel.mock,10,66,,4,6.6,4.7,Plant HQ,Active,Partially Meets Expectations,2.0,+91-9123450243,True
244,EMP1243,SYNTHETIC_DEMO,Kiran Mukherjee,emp1243@tatasteel.mock,9,60,,5,9.5,5.8,Plant HQ,Active,Exceptional,5.0,+91-9123450244,True
245,EMP1244,SYNTHETIC_DEMO,Madhav Das,emp1244@tatasteel.mock,8,54,,6,12.7,9.7,Plant HQ,Active,Exceptional,5.0,+91-9123450245,True
246,EMP1245,SYNTHETIC_DEMO,Arjun Patel,emp1245@tatasteel.mock,3,17,,4,4.8,11.8,Jamshedpur Plant,Active,Partially Meets Expectations,2.0,+91-9123450246,True
247,EMP1246,SYNTHETIC_DEMO,Karan Yadav,emp1246@tatasteel.mock,1,7,,8,20.9,8.1,Jamshedpur Plant,Active,Meets Expectations,3.0,+91-9123450247,True
248,EMP1247,SYNTHETIC_DEMO,Ganesh Singh,emp1247@tatasteel.mock,5,32,,5,9.5,1.5,Jamshedpur Plant,Active,Partially Meets Expectations,2.0,+91-9123450248,True
249,EMP1248,SYNTHETIC_DEMO,Gopal Patel,emp1248@tatasteel.mock,2,13,,7,18.2,2.8,Jamshedpur Plant,Active,Exceptional,5.0,+91-9123450249,True
250,EMP1249,SYNTHETIC_DEMO,Karan Sharma,emp1249@tatasteel.mock,4,22,,2,6.5,3.3,Jamshedpur Plant,Active,Exceeds Expectations,4.0,+91-9123450250,True
251,EMP1250,SYNTHETIC_DEMO,Yash Choudhury,emp1250@tatasteel.mock,3,16,,3,8.2,3.1,Jamshedpur Plant,Active,Exceptional,5.0,+91-9123450251,True
252,EMP1251,SYNTHETIC_DEMO,Nikhil Gupta,emp1251@tatasteel.mock,1,1,,2,13.3,1.2,Jamshedpur Plant,Active,Exceeds Expectations,4.0,+91-9123450252,True
253,EMP1252,SYNTHETIC_DEMO,Kailash Choudhury,emp1252@tatasteel.mock,7,45,,4,7.8,10.4,Plant HQ,Active,Partially Meets Expectations,2.0,+91-9123450253,True
254,EMP1253,SYNTHETIC_DEMO,Narendra Choudhury,emp1253@tatasteel.mock,10,66,,4,7.0,9.9,Plant HQ,Active,Exceeds Expectations,4.0,+91-9123450254,True
255,EMP1254,SYNTHETIC_DEMO,Karan Rao,emp1254@tatasteel.mock,6,39,,5,20.9,9.6,Jamshedpur Plant,Active,Exceptional,5.0,+91-9123450255,True
256,EMP1255,SYNTHETIC_DEMO,Kailash Rao,emp1255@tatasteel.mock,3,17,,4,4.2,4.6,Jamshedpur Plant,Active,Meets Expectations,3.0,+91-9123450256,True
257,EMP1256,SYNTHETIC_DEMO,Vijay Sinha,emp1256@tatasteel.mock,5,31,,4,4.1,6.3,Jamshedpur Plant,Active,Exceptional,5.0,+91-9123450257,True
258,EMP1257,SYNTHETIC_DEMO,Rahul Ghosh,emp1257@tatasteel.mock,4,24,,4,11.0,4.8,Jamshedpur Plant,Active,Exceeds Expectations,4.0,+91-9123450258,True
259,EMP1258,SYNTHETIC_DEMO,Madhav Nair,emp1258@tatasteel.mock,7,47,,6,13.1,2.7,Plant HQ,Active,Partially Meets Expectations,2.0,+91-9123450259,True
260,EMP1259,SYNTHETIC_DEMO,Jay Dutta,emp1259@tatasteel.mock,10,66,,4,10.6,8.6,Plant HQ,Active,Exceeds Expectations,4.0,+91-9123450260,True
261,EMP1260,SYNTHETIC_DEMO,Abhishek Dutta,emp1260@tatasteel.mock,3,15,,2,10.2,11.8,Jamshedpur Plant,Active,Meets Expectations,3.0,+91-9123450261,True
262,EMP1261,SYNTHETIC_DEMO,Sandeep Reddy,emp1261@tatasteel.mock,1,2,,3,9.7,2.9,Jamshedpur Plant,Active,Exceptional,5.0,+91-9123450262,True
263,EMP1262,SYNTHETIC_DEMO,Arjun Banerjee,emp1262@tatasteel.mock,4,22,,2,4.4,7.5,Jamshedpur Plant,Active,Exceeds Expectations,4.0,+91-9123450263,True
264,EMP1263,SYNTHETIC_DEMO,Chandan Joshi,emp1263@tatasteel.mock,3,16,,3,3.0,1.8,Jamshedpur Plant,Active,Meets Expectations,3.0,+91-9123450264,True
265,EMP1264,SYNTHETIC_DEMO,Dinesh Verma,emp1264@tatasteel.mock,9,58,,3,11.1,11.5,Plant HQ,Active,Meets Expectations,3.0,+91-9123450265,True
266,EMP1265,SYNTHETIC_DEMO,Ramesh Dutta,emp1265@tatasteel.mock,8,55,,7,10.2,5.5,Plant HQ,Active,Exceptional,5.0,+91-9123450266,True
267,EMP1266,SYNTHETIC_DEMO,Manish Singh,emp1266@tatasteel.mock,10,64,,2,7.0,2.3,Plant HQ,Active,Partially Meets Expectations,2.0,+91-9123450267,True
268,EMP1267,SYNTHETIC_DEMO,Tanvi Tripathi,emp1267@tatasteel.mock,7,43,,2,14.8,10.8,Plant HQ,Active,Exceptional,5.0,+91-9123450268,True
269,EMP1268,SYNTHETIC_DEMO,Chandan Choudhury,emp1268@tatasteel.mock,5,33,,6,12.1,1.2,Jamshedpur Plant,Active,Partially Meets Expectations,2.0,+91-9123450269,True
270,EMP1269,SYNTHETIC_DEMO,Jyoti Reddy,emp1269@tatasteel.mock,8,51,,3,3.8,7.7,Plant HQ,Active,Meets Expectations,3.0,+91-9123450270,True
271,EMP1270,SYNTHETIC_DEMO,Aditya Yadav,emp1270@tatasteel.mock,3,16,,3,6.5,11.1,Jamshedpur Plant,Active,Exceptional,5.0,+91-9123450271,True
272,EMP1271,SYNTHETIC_DEMO,Pranav Mitra,emp1271@tatasteel.mock,4,22,,2,9.4,5.3,Jamshedpur Plant,Active,Exceptional,5.0,+91-9123450272,True
273,EMP1272,SYNTHETIC_DEMO,Jagdish Ghosh,emp1272@tatasteel.mock,10,66,,4,13.7,3.0,Plant HQ,Active,Partially Meets Expectations,2.0,+91-9123450273,True
274,EMP1273,SYNTHETIC_DEMO,Jay Mehta,emp1273@tatasteel.mock,2,14,,8,22.0,6.8,Jamshedpur Plant,Active,Meets Expectations,3.0,+91-9123450274,True
275,EMP1274,SYNTHETIC_DEMO,Sanjay Mishra,emp1274@tatasteel.mock,3,21,,8,15.4,1.4,Jamshedpur Plant,Active,Partially Meets Expectations,2.0,+91-9123450275,True
276,EMP1275,SYNTHETIC_DEMO,Pooja Kumar,emp1275@tatasteel.mock,5,32,,5,19.1,7.9,Jamshedpur Plant,Active,Exceptional,5.0,+91-9123450276,True
277,EMP1276,SYNTHETIC_DEMO,Ritu Yadav,emp1276@tatasteel.mock,9,57,,2,11.2,1.9,Plant HQ,Active,Exceeds Expectations,4.0,+91-9123450277,True
278,EMP1277,SYNTHETIC_DEMO,Sandeep Prasad,emp1277@tatasteel.mock,1,6,,7,14.0,11.2,Jamshedpur Plant,Active,Partially Meets Expectations,2.0,+91-9123450278,True
279,EMP1278,SYNTHETIC_DEMO,Rajesh Dubey,emp1278@tatasteel.mock,9,59,,4,18.0,10.6,Plant HQ,Active,Partially Meets Expectations,2.0,+91-9123450279,True
280,EMP1279,SYNTHETIC_DEMO,Ramesh Yadav,emp1279@tatasteel.mock,3,21,,8,21.6,9.0,Jamshedpur Plant,Active,Exceeds Expectations,4.0,+91-9123450280,True
281,EMP1280,SYNTHETIC_DEMO,Sandeep Nair,emp1280@tatasteel.mock,6,41,,7,14.1,1.3,Jamshedpur Plant,Active,Partially Meets Expectations,2.0,+91-9123450281,True
282,EMP1281,SYNTHETIC_DEMO,Pankaj Sen,emp1281@tatasteel.mock,3,16,,3,8.2,9.0,Jamshedpur Plant,Active,Exceeds Expectations,4.0,+91-9123450282,True
283,EMP1282,SYNTHETIC_DEMO,Kailash Mishra,emp1282@tatasteel.mock,4,26,,6,13.3,8.8,Jamshedpur Plant,Active,Partially Meets Expectations,2.0,+91-9123450283,True
284,EMP1283,SYNTHETIC_DEMO,Manish Rao,emp1283@tatasteel.mock,3,19,,6,19.6,10.7,Jamshedpur Plant,Active,Meets Expectations,3.0,+91-9123450284,True
285,EMP1284,SYNTHETIC_DEMO,Neha Pandey,emp1284@tatasteel.mock,9,59,,4,9.0,10.1,Plant HQ,Active,Meets Expectations,3.0,+91-9123450285,True
286,EMP1285,SYNTHETIC_DEMO,Tanvi Chatterjee,emp1285@tatasteel.mock,8,52,,4,13.8,11.2,Plant HQ,Active,Exceptional,5.0,+91-9123450286,True
287,EMP1286,SYNTHETIC_DEMO,Manish Sen,emp1286@tatasteel.mock,10,69,,7,14.8,3.8,Plant HQ,Active,Meets Expectations,3.0,+91-9123450287,True
288,EMP1287,SYNTHETIC_DEMO,Hemant Singh,emp1287@tatasteel.mock,4,27,,7,16.8,3.7,Jamshedpur Plant,Active,Partially Meets Expectations,2.0,+91-9123450288,True
289,EMP1288,SYNTHETIC_DEMO,Alok Prasad,emp1288@tatasteel.mock,2,9,,3,16.1,5.3,Jamshedpur Plant,Active,Meets Expectations,3.0,+91-9123450289,True
290,EMP1289,SYNTHETIC_DEMO,Jyoti Sinha,emp1289@tatasteel.mock,6,37,,3,9.1,2.9,Jamshedpur Plant,Active,Meets Expectations,3.0,+91-9123450290,True
291,EMP1290,SYNTHETIC_DEMO,Suresh Mishra,emp1290@tatasteel.mock,9,62,,7,10.4,4.8,Plant HQ,Active,Meets Expectations,3.0,+91-9123450291,True
292,EMP1291,SYNTHETIC_DEMO,Jyoti Das,emp1291@tatasteel.mock,2,13,,7,21.8,11.5,Jamshedpur Plant,Active,Partially Meets Expectations,2.0,+91-9123450292,True
293,EMP1292,SYNTHETIC_DEMO,Ganesh Singh,emp1292@tatasteel.mock,5,30,,3,6.2,3.1,Jamshedpur Plant,Active,Exceeds Expectations,4.0,+91-9123450293,True
294,EMP1293,SYNTHETIC_DEMO,Gopal Patel,emp1293@tatasteel.mock,1,5,,7,15.9,8.9,Jamshedpur Plant,Active,Partially Meets Expectations,2.0,+91-9123450294,True
295,EMP1294,SYNTHETIC_DEMO,Madhav Roy,emp1294@tatasteel.mock,3,20,,7,18.2,4.3,Jamshedpur Plant,Active,Exceeds Expectations,4.0,+91-9123450295,True
296,EMP1295,SYNTHETIC_DEMO,Aarav Rao,emp1295@tatasteel.mock,7,45,,4,5.9,9.8,Plant HQ,Active,Partially Meets Expectations,2.0,+91-9123450296,True
297,EMP1296,SYNTHETIC_DEMO,Vikram Mishra,emp1296@tatasteel.mock,4,25,,5,17.6,9.2,Jamshedpur Plant,Active,Meets Expectations,3.0,+91-9123450297,True
298,EMP1297,SYNTHETIC_DEMO,Ganesh Gupta,emp1297@tatasteel.mock,1,6,,7,21.3,3.2,Jamshedpur Plant,Active,Exceptional,5.0,+91-9123450298,True
299,EMP1298,SYNTHETIC_DEMO,Sanjay Sen,emp1298@tatasteel.mock,6,37,,3,14.5,1.5,Jamshedpur Plant,Active,Exceeds Expectations,4.0,+91-9123450299,True
300,EMP1299,SYNTHETIC_DEMO,Madhav Das,emp1299@tatasteel.mock,6,39,,5,18.1,11.5,Jamshedpur Plant,Active,Partially Meets Expectations,2.0,+91-9123450300,True
301,EMP1300,SYNTHETIC_DEMO,Rajesh Ghosh,emp1300@tatasteel.mock,6,40,,6,15.5,3.2,Jamshedpur Plant,Active,Exceptional,5.0,+91-9123450301,True
302,EMP1301,SYNTHETIC_DEMO,Nikhil Mukherjee,emp1301@tatasteel.mock,1,3,,5,9.3,11.8,Jamshedpur Plant,Active,Meets Expectations,3.0,+91-9123450302,True
303,EMP1302,SYNTHETIC_DEMO,Dev Reddy,emp1302@tatasteel.mock,2,12,,6,14.1,10.6,Jamshedpur Plant,Active,Meets Expectations,3.0,+91-9123450303,True
304,EMP1303,SYNTHETIC_DEMO,Aditya Verma,emp1303@tatasteel.mock,7,47,,6,19.3,1.9,Plant HQ,Active,Exceeds Expectations,4.0,+91-9123450304,True
305,EMP1304,SYNTHETIC_DEMO,Meera Tripathi,emp1304@tatasteel.mock,9,62,,7,21.7,8.4,Plant HQ,Active,Exceptional,5.0,+91-9123450305,True
306,EMP1305,SYNTHETIC_DEMO,Meera Sen,emp1305@tatasteel.mock,9,61,,6,13.1,4.0,Plant HQ,Active,Exceeds Expectations,4.0,+91-9123450306,True
307,EMP1306,SYNTHETIC_DEMO,Ganesh Bose,emp1306@tatasteel.mock,8,53,,5,19.9,4.1,Plant HQ,Active,Partially Meets Expectations,2.0,+91-9123450307,True
308,EMP1307,SYNTHETIC_DEMO,Ashok Dutta,emp1307@tatasteel.mock,9,57,,2,10.0,0.7,Plant HQ,Active,Exceptional,5.0,+91-9123450308,True
309,EMP1308,SYNTHETIC_DEMO,Deepa Chatterjee,emp1308@tatasteel.mock,3,16,,3,7.6,5.4,Jamshedpur Plant,Active,Meets Expectations,3.0,+91-9123450309,True
310,EMP1309,SYNTHETIC_DEMO,Aniket Bose,emp1309@tatasteel.mock,10,64,,2,13.1,0.6,Plant HQ,Active,Meets Expectations,3.0,+91-9123450310,True
311,EMP1310,SYNTHETIC_DEMO,Hemant Reddy,emp1310@tatasteel.mock,8,52,,4,8.9,5.7,Plant HQ,Active,Exceeds Expectations,4.0,+91-9123450311,True
312,EMP1311,SYNTHETIC_DEMO,Amit Roy,emp1311@tatasteel.mock,10,65,,3,4.8,11.5,Plant HQ,Active,Exceeds Expectations,4.0,+91-9123450312,True
313,EMP1312,SYNTHETIC_DEMO,Manish Gupta,emp1312@tatasteel.mock,1,1,,2,13.5,1.7,Jamshedpur Plant,Active,Partially Meets Expectations,2.0,+91-9123450313,True
314,EMP1313,SYNTHETIC_DEMO,Pooja Yadav,emp1313@tatasteel.mock,4,26,,6,17.4,11.4,Jamshedpur Plant,Active,Meets Expectations,3.0,+91-9123450314,True
315,EMP1314,SYNTHETIC_DEMO,Ananya Mukherjee,emp1314@tatasteel.mock,6,39,,5,6.1,9.9,Jamshedpur Plant,Active,Meets Expectations,3.0,+91-9123450315,True
316,EMP1315,SYNTHETIC_DEMO,Jagdish Tripathi,emp1315@tatasteel.mock,10,67,,5,16.5,9.5,Plant HQ,Active,Partially Meets Expectations,2.0,+91-9123450316,True
317,EMP1316,SYNTHETIC_DEMO,Alok Mishra,emp1316@tatasteel.mock,7,47,,6,19.3,5.8,Plant HQ,Active,Partially Meets Expectations,2.0,+91-9123450317,True
318,EMP1317,SYNTHETIC_DEMO,Karan Gupta,emp1317@tatasteel.mock,10,65,,3,3.4,4.7,Plant HQ,Active,Meets Expectations,3.0,+91-9123450318,True
319,EMP1318,SYNTHETIC_DEMO,Hemant Gupta,emp1318@tatasteel.mock,8,53,,5,18.1,11.2,Plant HQ,Active,Exceptional,5.0,+91-9123450319,True
320,EMP1319,SYNTHETIC_DEMO,Hemant Sinha,emp1319@tatasteel.mock,10,68,,6,12.9,1.9,Plant HQ,Active,Meets Expectations,3.0,+91-9123450320,True
321,EMP1320,SYNTHETIC_DEMO,Ramesh Choudhury,emp1320@tatasteel.mock,9,58,,3,6.1,11.0,Plant HQ,Active,Exceptional,5.0,+91-9123450321,True
322,EMP1321,SYNTHETIC_DEMO,Manish Kumar,emp1321@tatasteel.mock,10,67,,5,18.5,8.6,Plant HQ,Active,Exceeds Expectations,4.0,+91-9123450322,True
323,EMP1322,SYNTHETIC_DEMO,Neha Banerjee,emp1322@tatasteel.mock,6,37,,3,12.5,2.1,Jamshedpur Plant,Active,Meets Expectations,3.0,+91-9123450323,True
324,EMP1323,SYNTHETIC_DEMO,Aditya Nair,emp1323@tatasteel.mock,2,9,,3,5.9,0.5,Jamshedpur Plant,Active,Partially Meets Expectations,2.0,+91-9123450324,True
325,EMP1324,SYNTHETIC_DEMO,Ananya Sinha,emp1324@tatasteel.mock,9,62,,7,10.3,4.7,Plant HQ,Active,Partially Meets Expectations,2.0,+91-9123450325,True
326,EMP1325,SYNTHETIC_DEMO,Tanvi Nair,emp1325@tatasteel.mock,4,25,,5,19.9,7.6,Jamshedpur Plant,Active,Exceeds Expectations,4.0,+91-9123450326,True
327,EMP1326,SYNTHETIC_DEMO,Rahul Sinha,emp1326@tatasteel.mock,6,42,,8,22.1,1.9,Jamshedpur Plant,Active,Partially Meets Expectations,2.0,+91-9123450327,True
328,EMP1327,SYNTHETIC_DEMO,Jagdish Choudhury,emp1327@tatasteel.mock,9,63,,8,22.9,3.5,Plant HQ,Active,Exceeds Expectations,4.0,+91-9123450328,True
329,EMP1328,SYNTHETIC_DEMO,Rajesh Mishra,emp1328@tatasteel.mock,9,63,,8,17.0,3.5,Plant HQ,Active,Exceeds Expectations,4.0,+91-9123450329,True
330,EMP1329,SYNTHETIC_DEMO,Meera Rao,emp1329@tatasteel.mock,5,33,,6,16.5,10.9,Jamshedpur Plant,Active,Meets Expectations,3.0,+91-9123450330,True
331,EMP1330,SYNTHETIC_DEMO,Pooja Tripathi,emp1330@tatasteel.mock,5,33,,6,15.3,11.4,Jamshedpur Plant,Active,Exceeds Expectations,4.0,+91-9123450331,True
332,EMP1331,SYNTHETIC_DEMO,Ramesh Tripathi,emp1331@tatasteel.mock,5,29,,2,11.9,8.8,Jamshedpur Plant,Active,Exceptional,5.0,+91-9123450332,True
333,EMP1332,SYNTHETIC_DEMO,Hari Dubey,emp1332@tatasteel.mock,10,71,,7,16.8,3.3,Plant HQ,Active,Exceptional,5.0,+91-9123450333,True
334,EMP1333,SYNTHETIC_DEMO,Hari Mishra,emp1333@tatasteel.mock,8,56,,8,21.1,10.2,Plant HQ,Active,Meets Expectations,3.0,+91-9123450334,True
335,EMP1334,SYNTHETIC_DEMO,Amit Gupta,emp1334@tatasteel.mock,4,22,,2,6.4,10.1,Jamshedpur Plant,Active,Exceptional,5.0,+91-9123450335,True
336,EMP1335,SYNTHETIC_DEMO,Dinesh Dutta,emp1335@tatasteel.mock,8,52,,4,4.6,7.8,Plant HQ,Active,Exceeds Expectations,4.0,+91-9123450336,True
337,EMP1336,SYNTHETIC_DEMO,Aniket Mukherjee,emp1336@tatasteel.mock,7,47,,6,16.8,1.7,Plant HQ,Active,Meets Expectations,3.0,+91-9123450337,True
338,EMP1337,SYNTHETIC_DEMO,Vijay Kumar,emp1337@tatasteel.mock,4,26,,6,20.0,0.9,Jamshedpur Plant,Active,Partially Meets Expectations,2.0,+91-9123450338,True
339,EMP1338,SYNTHETIC_DEMO,Jagdish Sharma,emp1338@tatasteel.mock,7,47,,6,9.0,11.7,Plant HQ,Active,Exceeds Expectations,4.0,+91-9123450339,True
340,EMP1339,SYNTHETIC_DEMO,Aditya Choudhury,emp1339@tatasteel.mock,4,26,,6,22.2,11.9,Jamshedpur Plant,Active,Exceeds Expectations,4.0,+91-9123450340,True
341,EMP1340,SYNTHETIC_DEMO,Rajesh Kumar,emp1340@tatasteel.mock,10,65,,3,11.8,11.7,Plant HQ,Active,Meets Expectations,3.0,+91-9123450341,True
342,EMP1341,SYNTHETIC_DEMO,Tanvi Banerjee,emp1341@tatasteel.mock,3,16,,3,15.4,5.2,Jamshedpur Plant,Active,Exceptional,5.0,+91-9123450342,True
343,EMP1342,SYNTHETIC_DEMO,Rohan Patel,emp1342@tatasteel.mock,4,23,,3,16.9,3.2,Jamshedpur Plant,Active,Exceeds Expectations,4.0,+91-9123450343,True
344,EMP1343,SYNTHETIC_DEMO,Hari Mitra,emp1343@tatasteel.mock,10,68,,6,18.3,10.4,Plant HQ,Active,Meets Expectations,3.0,+91-9123450344,True
345,EMP1344,SYNTHETIC_DEMO,Aditya Yadav,emp1344@tatasteel.mock,9,57,,2,5.3,4.3,Plant HQ,Active,Exceeds Expectations,4.0,+91-9123450345,True
346,EMP1345,SYNTHETIC_DEMO,Rajesh Sharma,emp1345@tatasteel.mock,10,68,,6,21.6,9.6,Plant HQ,Active,Partially Meets Expectations,2.0,+91-9123450346,True
347,EMP1346,SYNTHETIC_DEMO,Ashok Dutta,emp1346@tatasteel.mock,8,51,,3,16.0,2.8,Plant HQ,Active,Partially Meets Expectations,2.0,+91-9123450347,True
348,EMP1347,SYNTHETIC_DEMO,Rahul Patel,emp1347@tatasteel.mock,6,38,,4,12.4,9.4,Jamshedpur Plant,Active,Exceeds Expectations,4.0,+91-9123450348,True
349,EMP1348,SYNTHETIC_DEMO,Vikram Tripathi,emp1348@tatasteel.mock,5,30,,3,13.4,9.4,Jamshedpur Plant,Active,Meets Expectations,3.0,+91-9123450349,True
350,EMP1349,SYNTHETIC_DEMO,Aarav Mitra,emp1349@tatasteel.mock,4,28,,8,24.5,2.4,Jamshedpur Plant,Active,Exceptional,5.0,+91-9123450350,True
351,EMP1350,SYNTHETIC_DEMO,Madhav Singh,emp1350@tatasteel.mock,7,43,,2,7.6,1.3,Plant HQ,Active,Exceptional,5.0,+91-9123450351,True
352,EMP1351,SYNTHETIC_DEMO,Jagdish Mitra,emp1351@tatasteel.mock,2,8,,2,11.1,2.0,Jamshedpur Plant,Active,Exceptional,5.0,+91-9123450352,True
353,EMP1352,SYNTHETIC_DEMO,Ganesh Singh,emp1352@tatasteel.mock,5,31,,4,13.0,1.5,Jamshedpur Plant,Active,Partially Meets Expectations,2.0,+91-9123450353,True
354,EMP1353,SYNTHETIC_DEMO,Pooja Das,emp1353@tatasteel.mock,5,30,,3,16.6,1.8,Jamshedpur Plant,Active,Exceptional,5.0,+91-9123450354,True
355,EMP1354,SYNTHETIC_DEMO,Sunita Sen,emp1354@tatasteel.mock,9,63,,8,13.0,1.4,Plant HQ,Active,Exceptional,5.0,+91-9123450355,True
356,EMP1355,SYNTHETIC_DEMO,Ananya Mitra,emp1355@tatasteel.mock,8,53,,5,19.3,7.2,Plant HQ,Active,Exceptional,5.0,+91-9123450356,True
357,EMP1356,SYNTHETIC_DEMO,Arjun Das,emp1356@tatasteel.mock,9,62,,7,23.4,10.4,Plant HQ,Active,Exceeds Expectations,4.0,+91-9123450357,True
358,EMP1357,SYNTHETIC_DEMO,Alok Bose,emp1357@tatasteel.mock,2,10,,4,6.9,9.6,Jamshedpur Plant,Active,Exceeds Expectations,4.0,+91-9123450358,True
359,EMP1358,SYNTHETIC_DEMO,Abhishek Das,emp1358@tatasteel.mock,10,64,,2,12.1,4.6,Plant HQ,Active,Partially Meets Expectations,2.0,+91-9123450359,True
360,EMP1359,SYNTHETIC_DEMO,Kailash Mishra,emp1359@tatasteel.mock,8,52,,4,12.6,2.5,Plant HQ,Active,Partially Meets Expectations,2.0,+91-9123450360,True
361,EMP1360,SYNTHETIC_DEMO,Sanjay Mukherjee,emp1360@tatasteel.mock,2,11,,5,12.9,8.0,Jamshedpur Plant,Active,Partially Meets Expectations,2.0,+91-9123450361,True
362,EMP1361,SYNTHETIC_DEMO,Yash Nair,emp1361@tatasteel.mock,3,19,,6,16.6,9.5,Jamshedpur Plant,Active,Meets Expectations,3.0,+91-9123450362,True
363,EMP1362,SYNTHETIC_DEMO,Tanvi Sen,emp1362@tatasteel.mock,9,62,,7,24.2,2.7,Plant HQ,Active,Exceeds Expectations,4.0,+91-9123450363,True
364,EMP1363,SYNTHETIC_DEMO,Aniket Chatterjee,emp1363@tatasteel.mock,3,18,,5,20.5,2.6,Jamshedpur Plant,Active,Partially Meets Expectations,2.0,+91-9123450364,True
365,EMP1364,SYNTHETIC_DEMO,Ashok Verma,emp1364@tatasteel.mock,3,17,,4,4.9,7.1,Jamshedpur Plant,Active,Meets Expectations,3.0,+91-9123450365,True
366,EMP1365,SYNTHETIC_DEMO,Pankaj Tripathi,emp1365@tatasteel.mock,9,60,,5,10.2,11.9,Plant HQ,Active,Exceeds Expectations,4.0,+91-9123450366,True
367,EMP1366,SYNTHETIC_DEMO,Yash Das,emp1366@tatasteel.mock,5,30,,3,9.4,5.5,Jamshedpur Plant,Active,Meets Expectations,3.0,+91-9123450367,True
368,EMP1367,SYNTHETIC_DEMO,Bhaskar Sen,emp1367@tatasteel.mock,6,39,,5,16.6,4.6,Jamshedpur Plant,Active,Meets Expectations,3.0,+91-9123450368,True
369,EMP1368,SYNTHETIC_DEMO,Amit Sen,emp1368@tatasteel.mock,2,9,,3,16.7,0.5,Jamshedpur Plant,Active,Partially Meets Expectations,2.0,+91-9123450369,True
370,EMP1369,SYNTHETIC_DEMO,Jyoti Sinha,emp1369@tatasteel.mock,5,33,,6,16.3,2.3,Jamshedpur Plant,Active,Partially Meets Expectations,2.0,+91-9123450370,True
371,EMP1370,SYNTHETIC_DEMO,Rohan Tripathi,emp1370@tatasteel.mock,8,52,,4,11.3,2.3,Plant HQ,Active,Exceptional,5.0,+91-9123450371,True
372,EMP1371,SYNTHETIC_DEMO,Ritu Chatterjee,emp1371@tatasteel.mock,4,25,,5,6.5,2.0,Jamshedpur Plant,Active,Exceptional,5.0,+91-9123450372,True
373,EMP1372,SYNTHETIC_DEMO,Aniket Sinha,emp1372@tatasteel.mock,3,18,,5,18.7,4.8,Jamshedpur Plant,Active,Meets Expectations,3.0,+91-9123450373,True
374,EMP1373,SYNTHETIC_DEMO,Ritu Patel,emp1373@tatasteel.mock,4,27,,7,21.3,9.1,Jamshedpur Plant,Active,Partially Meets Expectations,2.0,+91-9123450374,True
375,EMP1374,SYNTHETIC_DEMO,Bhaskar Choudhury,emp1374@tatasteel.mock,1,4,,6,13.6,8.0,Jamshedpur Plant,Active,Exceeds Expectations,4.0,+91-9123450375,True
376,EMP1375,SYNTHETIC_DEMO,Amit Mukherjee,emp1375@tatasteel.mock,7,44,,3,14.6,3.7,Plant HQ,Active,Meets Expectations,3.0,+91-9123450376,True
377,EMP1376,SYNTHETIC_DEMO,Pankaj Sharma,emp1376@tatasteel.mock,7,48,,7,19.4,8.1,Plant HQ,Active,Meets Expectations,3.0,+91-9123450377,True
378,EMP1377,SYNTHETIC_DEMO,Rohan Roy,emp1377@tatasteel.mock,10,71,,7,20.2,6.0,Plant HQ,Active,Partially Meets Expectations,2.0,+91-9123450378,True
379,EMP1378,SYNTHETIC_DEMO,Rohan Nair,emp1378@tatasteel.mock,6,38,,4,14.3,5.3,Jamshedpur Plant,Active,Partially Meets Expectations,2.0,+91-9123450379,True
380,EMP1379,SYNTHETIC_DEMO,Rohan Dubey,emp1379@tatasteel.mock,6,41,,7,19.9,8.5,Jamshedpur Plant,Active,Exceeds Expectations,4.0,+91-9123450380,True
381,EMP1380,SYNTHETIC_DEMO,Ritu Singh,emp1380@tatasteel.mock,9,58,,3,7.2,2.9,Plant HQ,Active,Meets Expectations,3.0,+91-9123450381,True
382,EMP1381,SYNTHETIC_DEMO,Yash Roy,emp1381@tatasteel.mock,10,67,,5,14.2,8.3,Plant HQ,Active,Meets Expectations,3.0,+91-9123450382,True
383,EMP1382,SYNTHETIC_DEMO,Pranav Kumar,emp1382@tatasteel.mock,2,9,,3,3.3,6.8,Jamshedpur Plant,Active,Exceeds Expectations,4.0,+91-9123450383,True
384,EMP1383,SYNTHETIC_DEMO,Manish Banerjee,emp1383@tatasteel.mock,8,56,,8,16.5,10.2,Plant HQ,Active,Meets Expectations,3.0,+91-9123450384,True
385,EMP1384,SYNTHETIC_DEMO,Neha Sharma,emp1384@tatasteel.mock,8,51,,3,13.4,10.7,Plant HQ,Active,Meets Expectations,3.0,+91-9123450385,True
386,EMP1385,SYNTHETIC_DEMO,Yash Joshi,emp1385@tatasteel.mock,5,34,,7,11.0,10.8,Jamshedpur Plant,Active,Exceptional,5.0,+91-9123450386,True
387,EMP1386,SYNTHETIC_DEMO,Sanjay Joshi,emp1386@tatasteel.mock,1,3,,5,5.6,11.6,Jamshedpur Plant,Active,Partially Meets Expectations,2.0,+91-9123450387,True
388,EMP1387,SYNTHETIC_DEMO,Hari Sen,emp1387@tatasteel.mock,7,46,,5,13.9,7.0,Plant HQ,Active,Partially Meets Expectations,2.0,+91-9123450388,True
389,EMP1388,SYNTHETIC_DEMO,Sunita Sinha,emp1388@tatasteel.mock,9,63,,8,15.4,11.4,Plant HQ,Active,Exceptional,5.0,+91-9123450389,True
390,EMP1389,SYNTHETIC_DEMO,Alok Reddy,emp1389@tatasteel.mock,1,2,,3,8.8,7.5,Jamshedpur Plant,Active,Exceeds Expectations,4.0,+91-9123450390,True
391,EMP1390,SYNTHETIC_DEMO,Sanjay Singh,emp1390@tatasteel.mock,2,11,,5,6.3,5.7,Jamshedpur Plant,Active,Exceptional,5.0,+91-9123450391,True
392,EMP1391,SYNTHETIC_DEMO,Arjun Prasad,emp1391@tatasteel.mock,9,60,,5,7.0,4.4,Plant HQ,Active,Meets Expectations,3.0,+91-9123450392,True
393,EMP1392,SYNTHETIC_DEMO,Pranav Kumar,emp1392@tatasteel.mock,9,61,,6,14.5,11.9,Plant HQ,Active,Exceeds Expectations,4.0,+91-9123450393,True
394,EMP1393,SYNTHETIC_DEMO,Ramesh Mehta,emp1393@tatasteel.mock,1,6,,7,19.3,7.6,Jamshedpur Plant,Active,Exceeds Expectations,4.0,+91-9123450394,True
395,EMP1394,SYNTHETIC_DEMO,Pooja Singh,emp1394@tatasteel.mock,6,42,,8,18.3,7.6,Jamshedpur Plant,Active,Exceeds Expectations,4.0,+91-9123450395,True
396,EMP1395,SYNTHETIC_DEMO,Dinesh Prasad,emp1395@tatasteel.mock,6,40,,6,15.2,11.0,Jamshedpur Plant,Active,Exceptional,5.0,+91-9123450396,True
397,EMP1396,SYNTHETIC_DEMO,Manish Reddy,emp1396@tatasteel.mock,8,52,,4,17.2,9.0,Plant HQ,Active,Exceeds Expectations,4.0,+91-9123450397,True
398,EMP1397,SYNTHETIC_DEMO,Dev Ghosh,emp1397@tatasteel.mock,2,10,,4,13.0,2.7,Jamshedpur Plant,Active,Exceptional,5.0,+91-9123450398,True
399,EMP1398,SYNTHETIC_DEMO,Ananya Choudhury,emp1398@tatasteel.mock,8,53,,5,13.1,8.1,Plant HQ,Active,Meets Expectations,3.0,+91-9123450399,True
400,EMP1399,SYNTHETIC_DEMO,Ananya Mishra,emp1399@tatasteel.mock,7,47,,6,14.6,9.6,Plant HQ,Active,Partially Meets Expectations,2.0,+91-9123450400,True
401,EMP1400,SYNTHETIC_DEMO,Karan Pandey,emp1400@tatasteel.mock,10,67,,5,11.5,4.8,Plant HQ,Active,Exceptional,5.0,+91-9123450401,True
402,EMP1401,SYNTHETIC_DEMO,Sandeep Das,emp1401@tatasteel.mock,6,41,,7,15.6,5.7,Jamshedpur Plant,Active,Partially Meets Expectations,2.0,+91-9123450402,True
403,EMP1402,SYNTHETIC_DEMO,Ritu Nair,emp1402@tatasteel.mock,8,52,,4,9.3,6.4,Plant HQ,Active,Exceptional,5.0,+91-9123450403,True
404,EMP1403,SYNTHETIC_DEMO,Amit Dubey,emp1403@tatasteel.mock,8,53,,5,18.1,11.8,Plant HQ,Active,Meets Expectations,3.0,+91-9123450404,True
405,EMP1404,SYNTHETIC_DEMO,Pooja Dubey,emp1404@tatasteel.mock,6,37,,3,6.1,1.2,Jamshedpur Plant,Active,Exceptional,5.0,+91-9123450405,True
406,EMP1405,SYNTHETIC_DEMO,Jay Gupta,emp1405@tatasteel.mock,3,16,,3,4.1,3.5,Jamshedpur Plant,Active,Partially Meets Expectations,2.0,+91-9123450406,True
407,EMP1406,SYNTHETIC_DEMO,Suresh Ghosh,emp1406@tatasteel.mock,2,9,,3,4.3,3.6,Jamshedpur Plant,Active,Exceptional,5.0,+91-9123450407,True
408,EMP1407,SYNTHETIC_DEMO,Suresh Sinha,emp1407@tatasteel.mock,5,35,,8,18.4,1.1,Jamshedpur Plant,Active,Exceptional,5.0,+91-9123450408,True
409,EMP1408,SYNTHETIC_DEMO,Ashok Patel,emp1408@tatasteel.mock,2,9,,3,4.9,11.2,Jamshedpur Plant,Active,Exceeds Expectations,4.0,+91-9123450409,True
410,EMP1409,SYNTHETIC_DEMO,Deepa Verma,emp1409@tatasteel.mock,5,32,,5,19.2,0.8,Jamshedpur Plant,Active,Exceeds Expectations,4.0,+91-9123450410,True
411,EMP1410,SYNTHETIC_DEMO,Nikhil Choudhury,emp1410@tatasteel.mock,3,20,,7,11.9,11.2,Jamshedpur Plant,Active,Meets Expectations,3.0,+91-9123450411,True
412,EMP1411,SYNTHETIC_DEMO,Ganesh Mishra,emp1411@tatasteel.mock,1,3,,5,11.0,11.7,Jamshedpur Plant,Active,Meets Expectations,3.0,+91-9123450412,True
413,EMP1412,SYNTHETIC_DEMO,Kailash Nair,emp1412@tatasteel.mock,7,46,,5,9.9,1.8,Plant HQ,Active,Exceeds Expectations,4.0,+91-9123450413,True
414,EMP1413,SYNTHETIC_DEMO,Ramesh Mukherjee,emp1413@tatasteel.mock,9,60,,5,17.5,7.0,Plant HQ,Active,Exceptional,5.0,+91-9123450414,True
415,EMP1414,SYNTHETIC_DEMO,Ashok Pandey,emp1414@tatasteel.mock,7,46,,5,18.5,11.1,Plant HQ,Active,Exceeds Expectations,4.0,+91-9123450415,True
416,EMP1415,SYNTHETIC_DEMO,Sita Choudhury,emp1415@tatasteel.mock,9,59,,4,4.0,7.3,Plant HQ,Active,Exceptional,5.0,+91-9123450416,True
417,EMP1416,SYNTHETIC_DEMO,Pankaj Ghosh,emp1416@tatasteel.mock,2,12,,6,21.4,1.1,Jamshedpur Plant,Active,Partially Meets Expectations,2.0,+91-9123450417,True
418,EMP1417,SYNTHETIC_DEMO,Abhishek Yadav,emp1417@tatasteel.mock,2,8,,2,13.3,1.6,Jamshedpur Plant,Active,Exceptional,5.0,+91-9123450418,True
419,EMP1418,SYNTHETIC_DEMO,Ananya Chatterjee,emp1418@tatasteel.mock,6,36,,2,7.8,10.3,Jamshedpur Plant,Active,Partially Meets Expectations,2.0,+91-9123450419,True
420,EMP1419,SYNTHETIC_DEMO,Abhishek Dutta,emp1419@tatasteel.mock,8,51,,3,13.0,7.4,Plant HQ,Active,Exceptional,5.0,+91-9123450420,True
421,EMP1420,SYNTHETIC_DEMO,Neha Choudhury,emp1420@tatasteel.mock,10,69,,7,11.6,5.0,Plant HQ,Active,Exceptional,5.0,+91-9123450421,True
422,EMP1421,SYNTHETIC_DEMO,Hemant Choudhury,emp1421@tatasteel.mock,3,20,,7,20.4,11.8,Jamshedpur Plant,Active,Exceptional,5.0,+91-9123450422,True
423,EMP1422,SYNTHETIC_DEMO,Ananya Sinha,emp1422@tatasteel.mock,7,49,,8,19.3,4.5,Plant HQ,Active,Meets Expectations,3.0,+91-9123450423,True
424,EMP1423,SYNTHETIC_DEMO,Dinesh Pandey,emp1423@tatasteel.mock,1,1,,2,2.0,0.7,Jamshedpur Plant,Active,Exceeds Expectations,4.0,+91-9123450424,True
425,EMP1424,SYNTHETIC_DEMO,Pooja Prasad,emp1424@tatasteel.mock,2,10,,4,10.8,2.1,Jamshedpur Plant,Active,Meets Expectations,3.0,+91-9123450425,True
426,EMP1425,SYNTHETIC_DEMO,Suresh Gupta,emp1425@tatasteel.mock,4,28,,8,25.2,7.1,Jamshedpur Plant,Active,Partially Meets Expectations,2.0,+91-9123450426,True
427,EMP1426,SYNTHETIC_DEMO,Ritu Yadav,emp1426@tatasteel.mock,10,70,,8,20.9,8.6,Plant HQ,Active,Exceeds Expectations,4.0,+91-9123450427,True
428,EMP1427,SYNTHETIC_DEMO,Rohan Dubey,emp1427@tatasteel.mock,5,34,,7,24.6,3.7,Jamshedpur Plant,Active,Partially Meets Expectations,2.0,+91-9123450428,True
429,EMP1428,SYNTHETIC_DEMO,Rahul Singh,emp1428@tatasteel.mock,9,62,,7,21.9,0.6,Plant HQ,Active,Exceptional,5.0,+91-9123450429,True
430,EMP1429,SYNTHETIC_DEMO,Chandan Joshi,emp1429@tatasteel.mock,2,10,,4,17.5,7.7,Jamshedpur Plant,Active,Partially Meets Expectations,2.0,+91-9123450430,True
431,EMP1430,SYNTHETIC_DEMO,Amit Sharma,emp1430@tatasteel.mock,3,21,,8,14.4,1.5,Jamshedpur Plant,Active,Meets Expectations,3.0,+91-9123450431,True
432,EMP1431,SYNTHETIC_DEMO,Manish Sharma,emp1431@tatasteel.mock,3,16,,3,11.7,4.1,Jamshedpur Plant,Active,Exceeds Expectations,4.0,+91-9123450432,True
433,EMP1432,SYNTHETIC_DEMO,Manish Bose,emp1432@tatasteel.mock,10,64,,2,9.0,7.7,Plant HQ,Active,Exceeds Expectations,4.0,+91-9123450433,True
434,EMP1433,SYNTHETIC_DEMO,Amit Ghosh,emp1433@tatasteel.mock,4,23,,3,7.4,11.5,Jamshedpur Plant,Active,Partially Meets Expectations,2.0,+91-9123450434,True
435,EMP1434,SYNTHETIC_DEMO,Sunita Choudhury,emp1434@tatasteel.mock,8,50,,2,4.7,9.3,Plant HQ,Active,Meets Expectations,3.0,+91-9123450435,True
436,EMP1435,SYNTHETIC_DEMO,Rohan Yadav,emp1435@tatasteel.mock,5,30,,3,14.3,6.8,Jamshedpur Plant,Active,Exceptional,5.0,+91-9123450436,True
437,EMP1436,SYNTHETIC_DEMO,Rajesh Choudhury,emp1436@tatasteel.mock,9,59,,4,13.0,6.7,Plant HQ,Active,Exceeds Expectations,4.0,+91-9123450437,True
438,EMP1437,SYNTHETIC_DEMO,Ashok Sinha,emp1437@tatasteel.mock,7,45,,4,4.1,11.8,Plant HQ,Active,Meets Expectations,3.0,+91-9123450438,True
439,EMP1438,SYNTHETIC_DEMO,Alok Patel,emp1438@tatasteel.mock,7,43,,2,9.6,9.1,Plant HQ,Active,Exceeds Expectations,4.0,+91-9123450439,True
440,EMP1439,SYNTHETIC_DEMO,Sanjay Sharma,emp1439@tatasteel.mock,8,56,,8,21.2,3.7,Plant HQ,Active,Partially Meets Expectations,2.0,+91-9123450440,True
441,EMP1440,SYNTHETIC_DEMO,Bhaskar Roy,emp1440@tatasteel.mock,5,29,,2,14.5,3.1,Jamshedpur Plant,Active,Exceptional,5.0,+91-9123450441,True
442,EMP1441,SYNTHETIC_DEMO,Hemant Sinha,emp1441@tatasteel.mock,6,37,,3,9.8,8.5,Jamshedpur Plant,Active,Exceptional,5.0,+91-9123450442,True
443,EMP1442,SYNTHETIC_DEMO,Amit Tripathi,emp1442@tatasteel.mock,8,51,,3,14.5,3.2,Plant HQ,Active,Partially Meets Expectations,2.0,+91-9123450443,True
444,EMP1443,SYNTHETIC_DEMO,Vikram Reddy,emp1443@tatasteel.mock,2,12,,6,11.2,8.2,Jamshedpur Plant,Active,Exceeds Expectations,4.0,+91-9123450444,True
445,EMP1444,SYNTHETIC_DEMO,Amit Dutta,emp1444@tatasteel.mock,1,4,,6,9.7,11.9,Jamshedpur Plant,Active,Meets Expectations,3.0,+91-9123450445,True
446,EMP1445,SYNTHETIC_DEMO,Pranav Dutta,emp1445@tatasteel.mock,9,60,,5,9.8,10.7,Plant HQ,Active,Exceeds Expectations,4.0,+91-9123450446,True
447,EMP1446,SYNTHETIC_DEMO,Vijay Mishra,emp1446@tatasteel.mock,1,5,,7,15.7,7.6,Jamshedpur Plant,Active,Meets Expectations,3.0,+91-9123450447,True
448,EMP1447,SYNTHETIC_DEMO,Sita Sinha,emp1447@tatasteel.mock,5,34,,7,11.2,11.5,Jamshedpur Plant,Active,Meets Expectations,3.0,+91-9123450448,True
449,EMP1448,SYNTHETIC_DEMO,Chandan Verma,emp1448@tatasteel.mock,2,8,,2,11.9,3.3,Jamshedpur Plant,Active,Meets Expectations,3.0,+91-9123450449,True
450,EMP1449,SYNTHETIC_DEMO,Dev Pandey,emp1449@tatasteel.mock,3,15,,2,12.1,6.3,Jamshedpur Plant,Active,Exceptional,5.0,+91-9123450450,True
451,EMP1450,SYNTHETIC_DEMO,Aditya Mitra,emp1450@tatasteel.mock,3,20,,7,10.2,0.7,Jamshedpur Plant,Active,Meets Expectations,3.0,+91-9123450451,True
452,EMP1451,SYNTHETIC_DEMO,Ramesh Mitra,emp1451@tatasteel.mock,2,10,,4,7.3,2.0,Jamshedpur Plant,Active,Meets Expectations,3.0,+91-9123450452,True
453,EMP1452,SYNTHETIC_DEMO,Aditya Reddy,emp1452@tatasteel.mock,5,34,,7,19.0,11.7,Jamshedpur Plant,Active,Exceptional,5.0,+91-9123450453,True
454,EMP1453,SYNTHETIC_DEMO,Alok Patel,emp1453@tatasteel.mock,10,70,,8,18.3,1.7,Plant HQ,Active,Exceptional,5.0,+91-9123450454,True
455,EMP1454,SYNTHETIC_DEMO,Pranav Sharma,emp1454@tatasteel.mock,3,20,,7,23.6,10.4,Jamshedpur Plant,Active,Partially Meets Expectations,2.0,+91-9123450455,True
456,EMP1455,SYNTHETIC_DEMO,Ashok Roy,emp1455@tatasteel.mock,1,4,,6,7.0,3.7,Jamshedpur Plant,Active,Exceeds Expectations,4.0,+91-9123450456,True
457,EMP1456,SYNTHETIC_DEMO,Arjun Tripathi,emp1456@tatasteel.mock,6,42,,8,23.5,7.9,Jamshedpur Plant,Active,Partially Meets Expectations,2.0,+91-9123450457,True
458,EMP1457,SYNTHETIC_DEMO,Rajesh Yadav,emp1457@tatasteel.mock,1,5,,7,16.1,4.2,Jamshedpur Plant,Active,Exceptional,5.0,+91-9123450458,True
459,EMP1458,SYNTHETIC_DEMO,Hari Ghosh,emp1458@tatasteel.mock,3,20,,7,10.9,1.0,Jamshedpur Plant,Active,Meets Expectations,3.0,+91-9123450459,True
460,EMP1459,SYNTHETIC_DEMO,Vikram Mehta,emp1459@tatasteel.mock,6,41,,7,24.0,1.8,Jamshedpur Plant,Active,Partially Meets Expectations,2.0,+91-9123450460,True
461,EMP1460,SYNTHETIC_DEMO,Vijay Choudhury,emp1460@tatasteel.mock,8,51,,3,9.7,5.1,Plant HQ,Active,Exceeds Expectations,4.0,+91-9123450461,True
462,EMP1461,SYNTHETIC_DEMO,Aditya Nair,emp1461@tatasteel.mock,9,62,,7,16.6,6.9,Plant HQ,Active,Exceptional,5.0,+91-9123450462,True
463,EMP1462,SYNTHETIC_DEMO,Manish Reddy,emp1462@tatasteel.mock,9,57,,2,0.3,5.1,Plant HQ,Active,Exceptional,5.0,+91-9123450463,True
464,EMP1463,SYNTHETIC_DEMO,Aniket Dutta,emp1463@tatasteel.mock,9,57,,2,3.3,9.9,Plant HQ,Active,Exceptional,5.0,+91-9123450464,True
465,EMP1464,SYNTHETIC_DEMO,Ramesh Prasad,emp1464@tatasteel.mock,8,52,,4,12.7,8.4,Plant HQ,Active,Exceeds Expectations,4.0,+91-9123450465,True
466,EMP1465,SYNTHETIC_DEMO,Pankaj Sen,emp1465@tatasteel.mock,4,26,,6,14.8,12.0,Jamshedpur Plant,Active,Partially Meets Expectations,2.0,+91-9123450466,True
467,EMP1466,SYNTHETIC_DEMO,Vijay Singh,emp1466@tatasteel.mock,2,8,,2,11.8,10.6,Jamshedpur Plant,Active,Partially Meets Expectations,2.0,+91-9123450467,True
468,EMP1467,SYNTHETIC_DEMO,Sandeep Dubey,emp1467@tatasteel.mock,2,12,,6,19.9,5.5,Jamshedpur Plant,Active,Exceptional,5.0,+91-9123450468,True
469,EMP1468,SYNTHETIC_DEMO,Dev Mitra,emp1468@tatasteel.mock,8,54,,6,19.6,6.9,Plant HQ,Active,Exceptional,5.0,+91-9123450469,True
470,EMP1469,SYNTHETIC_DEMO,Sanjay Yadav,emp1469@tatasteel.mock,9,61,,6,13.0,3.5,Plant HQ,Active,Partially Meets Expectations,2.0,+91-9123450470,True
471,EMP1470,SYNTHETIC_DEMO,Jay Patel,emp1470@tatasteel.mock,4,27,,7,15.7,11.6,Jamshedpur Plant,Active,Exceeds Expectations,4.0,+91-9123450471,True
472,EMP1471,SYNTHETIC_DEMO,Pankaj Sen,emp1471@tatasteel.mock,3,20,,7,22.8,8.5,Jamshedpur Plant,Active,Partially Meets Expectations,2.0,+91-9123450472,True
473,EMP1472,SYNTHETIC_DEMO,Jay Dutta,emp1472@tatasteel.mock,3,21,,8,15.5,11.1,Jamshedpur Plant,Active,Exceeds Expectations,4.0,+91-9123450473,True
474,EMP1473,SYNTHETIC_DEMO,Ananya Banerjee,emp1473@tatasteel.mock,6,36,,2,1.0,2.5,Jamshedpur Plant,Active,Exceeds Expectations,4.0,+91-9123450474,True
475,EMP1474,SYNTHETIC_DEMO,Deepa Mehta,emp1474@tatasteel.mock,4,26,,6,11.4,3.3,Jamshedpur Plant,Active,Partially Meets Expectations,2.0,+91-9123450475,True
476,EMP1475,SYNTHETIC_DEMO,Alok Sen,emp1475@tatasteel.mock,10,69,,7,17.7,6.1,Plant HQ,Active,Exceptional,5.0,+91-9123450476,True
477,EMP1476,SYNTHETIC_DEMO,Neha Roy,emp1476@tatasteel.mock,8,52,,4,12.0,6.0,Plant HQ,Active,Exceptional,5.0,+91-9123450477,True
478,EMP1477,SYNTHETIC_DEMO,Suresh Reddy,emp1477@tatasteel.mock,10,67,,5,13.9,11.5,Plant HQ,Active,Exceptional,5.0,+91-9123450478,True
479,EMP1478,SYNTHETIC_DEMO,Meera Mishra,emp1478@tatasteel.mock,10,65,,3,14.6,11.7,Plant HQ,Active,Exceptional,5.0,+91-9123450479,True
480,EMP1479,SYNTHETIC_DEMO,Gopal Yadav,emp1479@tatasteel.mock,9,58,,3,2.7,0.9,Plant HQ,Active,Exceeds Expectations,4.0,+91-9123450480,True
481,EMP1480,SYNTHETIC_DEMO,Pranav Ghosh,emp1480@tatasteel.mock,8,56,,8,25.4,2.4,Plant HQ,Active,Exceeds Expectations,4.0,+91-9123450481,True
482,EMP1481,SYNTHETIC_DEMO,Dev Kumar,emp1481@tatasteel.mock,1,3,,5,9.1,3.0,Jamshedpur Plant,Active,Exceeds Expectations,4.0,+91-9123450482,True
483,EMP1482,SYNTHETIC_DEMO,Sandeep Verma,emp1482@tatasteel.mock,4,24,,4,10.9,6.0,Jamshedpur Plant,Active,Partially Meets Expectations,2.0,+91-9123450483,True
484,EMP1483,SYNTHETIC_DEMO,Aditya Prasad,emp1483@tatasteel.mock,6,41,,7,10.7,5.3,Jamshedpur Plant,Active,Partially Meets Expectations,2.0,+91-9123450484,True
485,EMP1484,SYNTHETIC_DEMO,Kailash Rao,emp1484@tatasteel.mock,10,70,,8,17.7,12.0,Plant HQ,Active,Partially Meets Expectations,2.0,+91-9123450485,True
486,EMP1485,SYNTHETIC_DEMO,Dev Nair,emp1485@tatasteel.mock,1,2,,3,16.0,6.1,Jamshedpur Plant,Active,Exceptional,5.0,+91-9123450486,True
487,EMP1486,SYNTHETIC_DEMO,Aarav Reddy,emp1486@tatasteel.mock,3,21,,8,20.8,2.4,Jamshedpur Plant,Active,Partially Meets Expectations,2.0,+91-9123450487,True
488,EMP1487,SYNTHETIC_DEMO,Aarav Chatterjee,emp1487@tatasteel.mock,1,5,,7,15.9,4.5,Jamshedpur Plant,Active,Exceptional,5.0,+91-9123450488,True
489,EMP1488,SYNTHETIC_DEMO,Sandeep Sinha,emp1488@tatasteel.mock,8,51,,3,9.2,1.2,Plant HQ,Active,Partially Meets Expectations,2.0,+91-9123450489,True
490,EMP1489,SYNTHETIC_DEMO,Ramesh Singh,emp1489@tatasteel.mock,4,27,,7,21.9,1.7,Jamshedpur Plant,Active,Meets Expectations,3.0,+91-9123450490,True
491,EMP1490,SYNTHETIC_DEMO,Hemant Mehta,emp1490@tatasteel.mock,7,49,,8,27.0,4.2,Plant HQ,Active,Exceptional,5.0,+91-9123450491,True
492,EMP1491,SYNTHETIC_DEMO,Jay Dutta,emp1491@tatasteel.mock,3,20,,7,21.4,1.8,Jamshedpur Plant,Active,Exceptional,5.0,+91-9123450492,True
493,EMP1492,SYNTHETIC_DEMO,Yash Kumar,emp1492@tatasteel.mock,3,18,,5,8.6,7.0,Jamshedpur Plant,Active,Meets Expectations,3.0,+91-9123450493,True
494,EMP1493,SYNTHETIC_DEMO,Jagdish Yadav,emp1493@tatasteel.mock,5,31,,4,18.9,9.7,Jamshedpur Plant,Active,Meets Expectations,3.0,+91-9123450494,True
495,EMP1494,SYNTHETIC_DEMO,Rajesh Rao,emp1494@tatasteel.mock,7,43,,2,7.8,4.7,Plant HQ,Active,Meets Expectations,3.0,+91-9123450495,True
496,EMP1495,SYNTHETIC_DEMO,Hari Dutta,emp1495@tatasteel.mock,10,66,,4,13.8,2.6,Plant HQ,Active,Exceeds Expectations,4.0,+91-9123450496,True
497,EMP1496,SYNTHETIC_DEMO,Kailash Patel,emp1496@tatasteel.mock,10,70,,8,19.1,7.5,Plant HQ,Active,Exceeds Expectations,4.0,+91-9123450497,True
498,EMP1497,SYNTHETIC_DEMO,Aditya Banerjee,emp1497@tatasteel.mock,4,28,,8,24.9,9.7,Jamshedpur Plant,Active,Exceeds Expectations,4.0,+91-9123450498,True
499,EMP1498,SYNTHETIC_DEMO,Narendra Kumar,emp1498@tatasteel.mock,9,63,,8,19.9,2.3,Plant HQ,Active,Partially Meets Expectations,2.0,+91-9123450499,True
500,EMP1499,SYNTHETIC_DEMO,Yash Nair,emp1499@tatasteel.mock,9,62,,7,15.3,4.0,Plant HQ,Active,Meets Expectations,3.0,+91-9123450500,True
